lat,lon,year,obs_pm25,pred_av,pred_gs,pred_cmaq_outs,pred_js,pred_caces,ref_id
33.55305599999999,-86.815,2011,13.318487,13,11.440707367498982,12.531723287671232,13.123390867038184,12.8437902985075,01-073-0023-88101-1
33.331111,-87.003611,2011,11.689916,10.899999618530272,9.793033027268596,11.65305205479452,11.680116568620878,10.5173941854273,01-073-1005-88101-1
33.45972199999999,-87.305556,2011,10.29916,10.399999618530272,9.220994861392809,11.055567123287672,9.320147988015997,9.36608210982659,01-073-1009-88101-1
33.545278,-86.549167,2011,12.363934,12.600000381469728,10.22737610148272,11.822271232876712,13.411064887730792,12.3631255121043,01-073-1010-88101-1
33.499722,-86.924167,2011,12.323034,13,9.84618353976324,12.267657534246576,12.368457151186185,13.2769010060362,01-073-2003-88101-1
33.386389,-86.816667,2011,11.227273,11.5,10.06712761175783,12.115923287671231,11.956290634764438,11.4350807066296,01-073-2006-88101-1
33.70472199999999,-86.669167,2011,10.814876,10.600000381469728,9.493446831654444,11.574180821917809,10.765119646420382,10.1091262924528,01-073-5002-88101-1
33.801667,-86.9425,2011,10.844628,10.5,9.522811190726229,11.29527397260274,10.66863957633023,9.93821274244004,01-073-5003-88101-1
34.687760999999995,-86.586362,2011,11.307692,11.600000381469728,9.8468832141399,10.91290684931507,12.279204240377588,10.9709983066362,01-089-0014-88101-1
31.3492,-109.539683,2011,6.478689,7.699999809265137,6.849924662927107,6.236241095890411,7.131045728388869,7.43112989155693,04-003-1005-88101-1
35.206111000000014,-111.652777,2011,5.167213,5.400000095367432,6.131007014839963,5.845698630136987,6.541556963264923,5.13697902460457,04-005-1008-88101-1
33.503833,-112.095767,2011,8.952893,10.600000381469728,7.571055073031155,9.46606301369863,10.5589114466418,9.60666207485761,04-013-9997-88101-1
32.32266100000001,-111.038389,2011,5.692373,8,6.6590649106441875,7.440860273972603,5.932170518577788,6.32850864097363,04-019-0011-88101-1
32.29515000000001,-110.9823,2011,5.410345,7.5,7.180367046959662,7.537380821917808,5.917110338074227,5.87945420858896,04-019-1028-88101-1
32.87758300000001,-111.752222,2011,10.028333,8.100000381469727,7.804877144082866,7.950309589041096,9.579129675448932,10.5623764517848,04-021-0001-88101-1
33.421194,-111.503222,2011,8.397521,7.099999904632568,6.592948290150535,7.468153424657534,7.014291474074065,6.87615566063348,04-021-3002-88101-1
33.010529999999996,-111.97205,2011,13.334483,7.5,9.962872915270852,7.9718,12.158808922167823,9.14539829268293,04-021-3013-88101-1
31.337203999999996,-110.936718,2011,9.92069,6.5,7.964992432285838,6.5774328767123285,9.485521719270048,8.98477965632858,04-023-0004-88101-1
34.594999999999985,-112.331,2011,3.868421,5,6.141688992470338,6.104027397260274,4.175585353609305,5.19540991163056,04-025-2002-88101-1
32.690278,-114.61444,2011,7.622034,10.300000190734863,7.419601648553382,7.352243835616438,6.575931637181306,8.02253391881919,04-027-8011-88101-1
34.51851500000001,-91.55896,2011,10.966667,10.300000190734863,9.340507108527252,10.508523287671231,12.19790894013182,10.804917155266,05-001-0011-88101-1
35.197288,-90.193141,2011,11.606957,10.899999618530272,9.949180507587863,10.451476712328768,12.905280673202242,10.8871611594203,05-035-0005-88101-1
35.10519300000001,-92.427859,2011,11.426957,10.699999809265137,9.345343336692988,11.352424657534248,11.288633087678772,12.7667008803729,05-045-0002-88101-1
34.469441,-93.000178,2011,11.468033,10,8.709124664812858,10.81093698630137,11.344069632714396,10.3243756085271,05-051-0003-88101-1
34.529766,-90.586049,2011,10.915966,10.5,9.518192126006069,10.228115068493151,11.26625165198507,10.6972302816901,05-107-0001-88101-1
34.583699,-94.226234,2011,11.507563,10.100000381469728,8.819565824130507,9.887531506849315,10.566961429088868,10.8343399371069,05-113-0002-88101-1
35.259775,-93.10005,2011,11.988235,11,9.041335285630664,10.974153424657532,11.215844849097302,12.0091113751114,05-115-0003-88101-1
34.756189,-92.281296,2011,12.003047,12,9.594303938645163,11.805383561643836,12.630316419083565,11.3457074183976,05-119-0007-88101-1
34.729603,-92.243587,2011,11.429661,12.300000190734863,9.594303938645163,11.672290410958905,11.541919817039076,11.8107693548387,05-119-1004-88101-1
36.1797,-94.116827,2011,11.682301,11.300000190734863,9.080326242902707,10.72303287671233,12.157014993639864,12.2378987707881,05-143-0005-88101-1
35.24894,-91.715596,2011,11.92069,12.300000190734863,9.940476807004126,10.838619178082192,11.10516832259148,12.0169279029463,05-145-0001-88101-1
39.757371,-121.84328600000002,2011,12.003279,11,8.602616391667727,7.960556164383561,9.986885319218985,10.5686678057554,06-007-0002-88101-1
36.781333,-119.77319,2011,15.307965,17.200000762939453,12.764008577994492,14.062550684931509,15.741549005972956,14.3201832098765,06-019-0008-88101-1
36.72639000000001,-119.73300000000002,2011,17.001235,17.700000762939453,12.764008577994492,14.11654794520548,16.12666830517368,15.0472185663925,06-019-5025-88101-1
32.97833,-115.53916999999998,2011,7.158036,11.5,7.580470022993792,7.776671232876712,6.97857647940344,8.1994830454207,06-025-0007-88101-1
32.79222,-115.56306,2011,7.513445,12.100000381469728,7.7675783094612445,8.930254794520549,6.6860097199986805,8.953366875,06-025-1003-88101-1
36.487823,-117.871036,2011,7.1,8.699999809265137,7.682938578181591,6.725178082191781,6.972539518634178,6.41784564307079,06-027-1003-88101-1
39.03269999999999,-122.92229,2011,3.518033,5.5,4.896956619316985,5.705794520547945,3.2788031351703535,4.27717901960784,06-033-3001-88101-1
34.1365,-117.92391,2011,12.140336,16.200000762939453,11.119741297328408,11.462301369863011,11.062380254676448,12.6894081116158,06-037-0002-88101-1
34.176050000000004,-118.31712,2011,13.254206,15,11.350006487550973,12.154197260273971,13.137090013864952,12.2352451704545,06-037-1002-88101-1
34.06659,-118.22688,2011,12.936111,15.600000381469728,11.5953546061352,13.016484931506849,12.664541144765233,13.0982165354331,06-037-1103-88101-1
34.199250000000006,-118.53276,2011,10.216239,13.5,10.062457076866169,11.147750684931507,10.07708737122246,10.4638340274701,06-037-1201-88101-1
33.901389,-118.205,2011,12.906364,14.300000190734863,12.11421682323804,12.65061095890411,14.582679789346354,12.230551193634,06-037-1302-88101-1
33.82375999999999,-118.18921,2011,10.84,13.100000381469728,11.59036274031314,11.624786301369864,11.023078945368212,11.9784091162791,06-037-4002-88101-1
33.79236000000001,-118.17533000000002,2011,10.792197,13.100000381469728,11.59036274031314,11.30607397260274,11.182082194677148,10.983248085758,06-037-4004-88101-1
33.83062,-117.93845,2011,10.953125,14.100000381469728,11.254115269223584,11.76468219178082,11.120668912422705,11.6417301624915,06-059-0007-88101-1
33.63003,-117.67593,2011,8.456364,11.699999809265137,8.971430062945092,10.258983561643836,8.79615376388387,9.55896303148426,06-059-2022-88101-1
39.808333000000005,-120.47166699999998,2011,12.073684,7.5,10.17865289713992,6.928920547945205,10.995099035257343,9.42980945425361,06-063-1009-88101-1
33.94603,-117.40063,2011,11.774107,16.200000762939453,12.09515369170388,12.86286301369863,12.865107768316417,12.8198336120401,06-065-1003-88101-1
33.85275,-116.54101,2011,6.120175,12.100000381469728,7.032566893389866,7.381986301369863,7.037850335369289,6.42534313131313,06-065-5001-88101-1
33.99958,-117.41601,2011,13.650432,16.899999618530273,12.09515369170388,13.398191780821918,13.804418087676464,12.843886981402,06-065-8001-88101-1
38.613779,-121.368014,2011,10.479661,11.100000381469728,9.142484507882974,10.48974794520548,11.722981395146554,9.77525147305389,06-067-0006-88101-1
38.556326000000006,-121.458499,2011,10.075833,11.399999618530272,8.12556591759719,10.47629589041096,10.478601085797235,9.96274799166667,06-067-4001-88101-1
34.037234,-117.690889,2011,13.184746,16.799999237060547,11.37411704375473,12.715413698630137,14.115468089925528,12.2028998098859,06-071-0025-88101-1
34.10002,-117.49201,2011,12.533028,17,10.981981668446403,12.882706849315069,13.619698999434808,12.4478797183099,06-071-2002-88101-1
32.791194000000004,-116.942092,2011,10.572358,11.100000381469728,9.9008286141894,10.164712328767123,10.302415020797577,10.0097405116034,06-073-0003-88101-1
32.83646100000001,-117.12875200000002,2011,8.969421,10.199999809265137,8.45863793813153,10.256391780821918,10.325667507251955,9.10042970540975,06-073-0006-88101-1
32.70149200000001,-117.149653,2011,10.885876,10.399999618530272,10.14317633180728,10.199416438356163,9.884088333911196,10.5501652896996,06-073-1010-88101-1
33.36259299999998,-117.09023000000002,2011,9.806232,8.100000381469727,7.299312068301697,9.179956164383562,11.201423507223929,6.55165328786791,06-073-1201-88101-1
35.020830000000004,-120.56388,2011,8.30226,8.100000381469727,9.388090455421915,8.462,8.397594696034048,7.32220490723562,06-079-2004-88101-1
40.6304,-122.40309999999998,2011,6.301887,8.800000190734863,4.9411291283325145,6.912654794520548,6.244376713109118,5.51744254733219,06-089-3004-88101-1
40.69184,-122.40179,2011,4.030508,6.800000190734863,4.9411291283325145,6.697150684931507,4.836452206891716,4.88855803262956,06-089-3005-88101-1
41.726892,-122.633579,2011,5.564516,7.800000190734863,7.093426224246092,6.328043835616438,6.3892789007843085,6.28542648241206,06-093-2001-88101-1
39.138773,-121.618549,2011,8.134277,11.100000381469728,8.991963290041147,8.394876712328767,8.60197369313554,8.90210315677966,06-101-0003-88101-1
36.332178999999996,-119.291228,2011,16.375893,17.200000762939453,13.069287247173738,13.763416438356163,17.17526322813831,14.9132559411146,06-107-2002-88101-1
38.66121,-121.73269,2011,7.466102,10.199999809265137,6.940704702381757,8.267413698630136,6.814580349596676,7.75642800184162,06-113-1003-88101-1
39.82600700000001,-104.937438,2011,7.549587,7.5,9.26557542799009,7.951194520547945,7.744975248240979,7.19445188541667,08-001-0006-88101-1
39.604399,-105.019526,2011,5.947368,7.199999809265137,7.555815686658033,6.699835616438357,6.408945444207109,7.04832592592593,08-005-0005-88101-1
40.164576,-105.100856,2011,6.40339,7.300000190734863,8.00507130536836,6.731290410958904,6.640310656751682,6.75949121026895,08-013-0003-88101-1
40.02109699999999,-105.26338199999999,2011,5.887379,7.300000190734863,7.0044145481549975,5.6388493150684935,6.217907415928859,6.37436035377358,08-013-0012-88101-1
39.751184,-104.987625,2011,7.517797,7.599999904632568,8.891952069095186,7.6676821917808224,7.302628494378534,6.85438820921986,08-031-0002-88101-1
39.781083,-104.95665,2011,7.030814,7.400000095367432,8.891952069095186,7.834879452054794,7.2346990361881085,7.55950226804124,08-031-0023-88101-1
39.70400500000001,-104.998113,2011,6.924793,7.5,8.891952069095186,7.372043835616438,8.056578357563149,7.29124995867769,08-031-0025-88101-1
39.534488,-105.070358,2011,5.608403,5.599999904632568,6.92050571319902,5.560550684931507,5.3879174462734705,5.3865277377253,08-035-0004-88101-1
38.848014,-104.828564,2011,5.873913,6.400000095367432,7.281616029385403,5.921928767123288,6.136235073541473,6.1071614164306,08-041-0017-88101-1
40.571288,-105.079693,2011,5.700885,6.699999809265137,7.993781944925564,6.188558904109589,5.621284594338236,5.55503660736976,08-069-0009-88101-1
39.063798000000006,-108.561173,2011,7.081818,7.300000190734863,7.32985163652362,6.395794520547946,6.960810260787548,6.9899768980021,08-077-0017-88101-1
37.350054,-108.592334,2011,6.066102,3.900000095367432,6.105839552075683,5.348284931506849,8.542235233901815,6.02918438571429,08-083-0006-88101-1
38.276099,-104.597613,2011,5.767273,6.599999904632568,7.128026399604679,6.317219178082191,6.795453140510297,6.08787186821705,08-101-0015-88101-1
40.086943999999995,-108.761389,2011,9.812069,4.599999904632568,6.431281088800128,5.609369863013699,12.03833612356216,4.72796507526882,08-103-0006-88101-1
40.414877,-104.70693,2011,6.666387,5.900000095367432,7.911368839553002,7.548460273972602,6.7447875583154016,6.61896873440285,08-123-0006-88101-1
40.20938700000001,-104.82405,2011,7.30098,5.099999904632568,7.479770883296981,7.599430136986301,7.344396393786793,6.41401322495606,08-123-0008-88101-1
41.170833,-73.194722,2011,9.969748,10.199999809265137,10.510950853554236,9.572709589041096,9.798861219698004,10.3016833333333,09-001-0010-88101-1
41.399167000000006,-73.443056,2011,9.52807,9.699999809265137,8.897787107000386,9.272780821917808,10.134072511859792,9.61878856974691,09-001-1123-88101-1
41.1125,-73.407222,2011,9.97563,9.899999618530272,10.290998321087791,9.560145205479452,9.226879376203913,10.441581194907,09-001-3005-88101-1
41.118333,-73.336667,2011,9.485,8.899999618530273,9.410668063235969,9.466539726027396,8.382989435094947,9.58938701476793,09-001-9003-88101-1
41.78472199999999,-72.63166700000001,2011,8.803155,9.300000190734863,8.775883480660278,9.364263013698633,8.69825435099517,8.61034870071685,09-003-1003-88101-1
41.74249999999999,-72.634444,2011,9.362832,9.399999618530272,8.775883480660278,9.50038904109589,8.998140470468805,9.12728777078086,09-003-2006-88101-1
41.821341999999994,-73.297257,2011,5.682759,6.199999809265137,6.725807394423985,7.581457534246575,5.624503842779244,6.61328537349398,09-005-0005-88101-1
41.3014,-72.902871,2011,10.035838,10.100000381469728,9.448968634057314,9.827583561643836,10.635490175695557,10.1488046890756,09-009-0027-88101-1
41.310833,-72.916944,2011,10.041176,10.199999809265137,9.448968634057314,9.896665753424658,10.111376170136555,10.1611533540925,09-009-1123-88101-1
41.550556,-73.04361099999998,2011,9.837391,9.699999809265137,9.651732403811437,9.364306849315067,9.21425589691371,9.94215342857143,09-009-2123-88101-1
41.52416700000001,-72.076667,2011,9.035897,8,9.304716156353388,8.57551506849315,8.219807420264987,8.9317419037871,09-011-3002-88101-1
38.98667199999999,-75.5568,2011,8.585841,9.600000381469728,9.614884226503202,8.969904109589041,10.682170488685774,8.52310010897995,10-001-0002-88101-1
39.154999999999994,-75.518056,2011,9.055556,10.100000381469728,9.888830265448595,9.025087671232876,10.12903257494486,9.39131853965184,10-001-0003-88101-1
39.761111,-75.491944,2011,9.278899,11.399999618530272,10.911887546736608,10.372865753424657,9.845462741806772,9.65131779577465,10-003-1003-88101-1
39.55129999999998,-75.732,2011,8.811009,11.100000381469728,10.467718607029452,9.766619178082191,9.577111739960028,8.7614098407281,10-003-1007-88101-1
39.739444,-75.558056,2011,10.304644,11.300000190734863,11.60906731101235,10.335208219178082,12.350722278770808,10.6973099667774,10-003-2004-88101-1
38.653899999999986,-75.6106,2011,8.750893,9.800000190734863,9.55397162215862,9.023528767123288,10.066883762090468,8.46011579283888,10-005-1002-88101-1
38.89557199999999,-76.958072,2011,10.425,10.5,11.147248262154886,10.304,10.619107224614645,10.0574628863346,11-001-0041-88101-1
38.87625500000001,-77.034059,2011,10.240323,10.399999618530272,10.5280485827357,10.4523698630137,10.440957601782578,9.87356358750908,11-001-0042-88101-1
38.921847,-77.01317800000001,2011,10.163393,10.600000381469728,11.29050380792591,10.453339726027398,10.876707855787794,10.3938645218945,11-001-0043-88101-1
41.094965,-85.101816,2011,10.250435,12.300000190734863,12.439151636816227,10.896008219178082,11.12313898713223,10.7124839657283,18-003-0004-88101-1
38.322931,-87.318789,2011,11.163793,10.899999618530272,10.236266319595844,11.198375342465754,11.233885320093291,12.7067655660377,18-051-0012-88101-1
40.485479,-86.132879,2011,11.361818,12.699999809265137,10.857337143016222,10.98647397260274,11.452227958516955,11.4892553797468,18-067-0003-88101-1
38.740882000000006,-87.484733,2011,11.35935,10.300000190734863,10.488713752352965,11.04957808219178,10.98775664971071,11.2878458215962,18-083-0004-88101-1
41.546592999999994,-87.42648100000001,2011,11.175439,12.600000381469728,11.829432604019395,12.185728767123289,12.05067972138321,11.9249934173669,18-089-0027-88101-1
41.678349,-87.508345,2011,10.684545,11.399999618530272,11.098839230973336,12.462843835616438,11.160901572010722,10.7358230613621,18-089-2010-88101-1
41.70721199999999,-86.891216,2011,9.729204,11.199999809265137,10.290314920501457,10.461027397260274,10.09283329203335,10.7714292783505,18-091-0011-88101-1
40.12570300000001,-85.65218400000002,2011,11.233333,11.199999809265137,10.70880071809044,11.07765205479452,11.711210742144702,11.2615510683761,18-095-0011-88101-1
39.744992999999994,-86.166464,2011,14.088372,13.199999809265137,12.801440592160723,12.399591780821918,14.101311360222969,13.3709268867925,18-097-0043-88101-1
39.78890299999999,-86.214628,2011,12.511272,13.100000381469728,12.1524581713547,12.39251506849315,13.532204455818864,13.0827764375877,18-097-0081-88101-1
39.774979,-86.12202,2011,12.75124,13.199999809265137,12.801440592160723,12.397901369863014,13.737972541613996,12.5874516372796,18-097-0083-88101-1
39.758855,-86.115415,2011,12.707692,13.100000381469728,12.801440592160723,12.367109589041096,12.684320819710717,13.0584200369344,18-097-0084-88101-1
39.159383000000005,-86.504762,2011,10.660526,11.800000190734863,10.646668094724411,10.965068493150683,10.361511852888762,11.1750897774687,18-105-0003-88101-1
38.167523,-86.983214,2011,12.69115,10.899999618530272,10.889936375208974,11.55030410958904,11.687379103700268,12.119169870328,18-147-0009-88101-1
40.431639,-86.8525,2011,9.931429,12.5,11.602978482551064,10.99284109589041,11.3057989927329,10.6698003108808,18-157-0008-88101-1
37.974436,-87.532289,2011,12.264407,13.100000381469728,11.411956549447604,11.609876712328768,12.018870087795024,12.4007642561983,18-163-0016-88101-1
41.16964600000001,-85.629292,2011,10.445631,9.699999809265137,10.458670583152673,10.640646575342464,10.935605913917962,10.451303764292,18-183-0003-88101-1
42.493042,-92.344074,2011,10.521667,10.699999809265137,9.513172928612184,10.057279452054797,10.133427640005936,11.0784241183879,19-013-0008-88101-1
41.823283000000004,-90.211982,2011,11.051404,11,9.845727364067244,10.906035616438356,11.079910921778549,10.6023700925926,19-045-0019-88101-1
41.87499900000001,-90.177574,2011,10.456069,10.600000381469728,9.29966635344387,10.819016438356163,11.09686931320578,10.6637822236181,19-045-0021-88101-1
42.600834,-91.538493,2011,10.158333,8.699999809265137,8.788490186766115,9.985506849315067,10.134571280626286,10.1978285294118,19-055-0001-88101-1
40.40095899999999,-91.391012,2011,11.313675,11.199999809265137,9.94893530045744,10.484449315068494,10.215977930773676,11.3793239606127,19-111-0008-88101-1
42.00508000000001,-91.6793,2011,9.87479,11.5,9.44098404288241,10.452561643835615,10.147442035614606,10.3405279277865,19-113-0037-88101-1
41.97677000000001,-91.68766,2011,10.212707,11.5,9.823481341899347,10.442345205479452,9.747204969084354,11.120192238806,19-113-0040-88101-1
41.40096800000001,-91.067957,2011,12.031818,11.600000381469728,10.41787030549056,11.313287671232876,11.740595868974864,12.0073786805131,19-139-0015-88101-1
41.419428999999994,-91.070975,2011,11.061983,11.100000381469728,10.41787030549056,11.258282191780822,11.41453464809612,11.4034913404508,19-139-0016-88101-1
41.41438800000001,-91.062605,2011,12.414783,11.5,10.41787030549056,11.313287671232876,11.84361966950738,11.4034913404508,19-139-0018-88101-1
41.4069,-91.0616,2011,12.268908,11.600000381469728,10.41787030549056,11.313287671232876,11.671532178067844,12.0073786805131,19-139-0020-88101-1
41.603159,-93.643118,2011,9.4759,10.5,8.714532962707164,9.690213698630137,9.650191502676815,9.38227671132765,19-153-0030-88101-1
41.60351699999999,-93.7479,2011,9.500917,10.800000190734863,9.195355819883233,9.561167123287673,9.287162287966447,9.33911308077646,19-153-2510-88101-1
41.264171000000005,-95.896124,2011,10.239316,11,9.3537681022313,10.076882191780822,9.417412512278949,10.333973796034,19-155-0009-88101-1
41.530011,-90.587611,2011,10.984571,11.800000190734863,9.32500236425548,11.286945205479451,11.29416573665222,11.4964398797595,19-163-0015-88101-1
41.517772,-90.618755,2011,11.397376,11.600000381469728,9.723627768434367,11.292484931506849,11.062934065100238,11.9363771849126,19-163-0019-88101-1
40.695077999999995,-92.006318,2011,10.366379,8.699999809265137,8.578545695397278,9.886997260273972,11.372727205904356,9.63382392746114,19-177-0006-88101-1
42.522355,-96.40021,2011,9.1975,9.5,8.320654361423237,9.105649315068494,8.95317985375162,9.26530606343283,19-193-0019-88101-1
38.974457,-94.687013,2011,9.063333,10.5,8.76593378470076,10.92336712328767,9.4428049119672135,10.3514405341246,20-091-0007-88101-1
38.135882,-94.73198800000002,2011,9.791228,9.100000381469728,7.880680095540619,9.637306849315069,10.299365396199342,10.7692010883483,20-107-0002-88101-1
37.65933400000001,-97.297714,2011,9.552893,9.399999618530272,8.634549378492055,10.08794794520548,10.21378881194127,10.0845149673203,20-173-0008-88101-1
37.651114,-97.362212,2011,9.389815,9.199999809265137,9.329133244438344,10.055641095890412,10.02296443487779,9.82850783109405,20-173-0009-88101-1
37.702066,-97.314847,2011,9.539655,9.199999809265137,8.959834211623882,10.03853698630137,10.348546357234891,9.69974978231292,20-173-0010-88101-1
39.02426500000001,-95.711275,2011,9.700901,9.300000190734863,8.987126647103464,9.840594520547944,10.322902517986725,9.61398178438662,20-177-0013-88101-1
37.47688999999999,-97.366399,2011,9.110084,7.599999904632568,7.698083558852828,9.728060273972602,9.659867954658443,8.50616235247209,20-191-0002-88101-1
39.11721899999999,-94.635605,2011,10.571429,10.899999618530272,9.762366322121055,11.211542465753425,9.718456384258474,10.8255937172775,20-209-0021-88101-1
39.046313999999995,-94.69481600000002,2011,9.115741,10.800000190734863,9.0745477303142,10.9813698630137,9.741038470234178,10.2198463096862,20-209-0022-88101-1
36.60842999999999,-83.73694,2011,10.578571,9.800000190734863,9.461102425530362,9.773893150684932,11.218238650168896,11.073994916911,21-013-0002-88101-1
38.45933999999999,-82.64041,2011,10.37,10.399999618530272,9.973938744486478,11.159356164383562,11.325952061144305,10.50055499114,21-019-0017-88101-1
39.02188100000001,-84.47445,2011,10.309322,12.300000190734863,11.099493889903943,11.808819178082192,11.719665052113674,11.1017460143198,21-037-3002-88101-1
38.23886999999999,-82.9881,2011,8.606723,9.600000381469728,9.09523925609342,9.768531506849316,9.159260940552247,8.63456290280496,21-043-0500-88101-1
36.91171000000001,-87.32333700000001,2011,11.201754,9,9.178910874076008,10.317506849315068,11.123795746390698,11.1112070987124,21-047-0006-88101-1
37.78077600000002,-87.075307,2011,12.036207,11.300000190734863,11.165008823895484,11.24964109589041,11.176392647832229,11.9410931924883,21-059-0005-88101-1
38.06503,-84.49761,2011,10.306034,11.600000381469728,10.003400579386588,10.928920547945204,11.618668351251756,10.0111535631068,21-067-0012-88101-1
38.21943300000001,-84.83845,2011,10.722,10.800000190734863,9.99043543760041,10.549646575342466,11.091920581196158,9.32464133828996,21-073-0006-88101-1
37.705612,-85.852629,2011,10.608772,10,10.373036967969846,10.623134246575342,9.792719396280914,11.3984180974478,21-093-0006-88101-1
37.87120000000001,-87.46375,2011,11.04087,10.5,11.030870785255184,11.467145205479452,11.318670891746578,10.7231651701571,21-101-0014-88101-1
37.06636,-88.63774,2011,10.371429,10.699999809265137,10.147017097249122,10.234279452054794,10.636886290083908,9.84005007625272,21-145-1004-88101-1
37.738458,-84.284952,2011,9.188034,10.899999618530272,9.8659078525069,10.081482191780822,10.644593601798457,9.83891192191054,21-151-0003-88101-1
37.4826,-82.53532,2011,9.470588,10.600000381469728,9.484592500957422,9.645972602739723,9.843492314732808,8.48112967940814,21-195-0002-88101-1
37.03543799999999,-86.250628,2011,11.030909,9.699999809265137,9.646081875283054,10.432156164383562,11.596296068017349,10.8378420779221,21-227-0008-88101-1
32.47181899999999,-93.795179,2011,12.128099,10.600000381469728,9.031805123392884,10.647934246575344,11.713513672267869,12.8498436893204,22-017-0008-88101-1
30.177349999999997,-93.214668,2011,8.864754,10.300000190734863,7.865044927078623,10.008271232876712,9.4268847977512,9.18924524623803,22-019-0010-88101-1
31.177824000000005,-92.410746,2011,8.559677,8.800000190734863,8.509118382132185,9.1841698630137,9.193980095468175,8.30797021540118,22-079-0002-88101-1
39.169533,-76.627933,2011,10.739286,11.199999809265137,10.786178615424465,10.421082191780824,11.791270123555115,10.0357993856655,24-003-1003-88101-1
39.310833,-76.474444,2011,10.734483000000001,11.100000381469728,11.596279118930648,10.505884931506849,10.954421402316664,10.4287436327185,24-005-3001-88101-1
38.94121,-76.93219,2011,10.094444,10.5,11.979470432136097,10.310706849315068,9.866760491816104,10.0706417605322,24-033-0025-88101-1
39.05527699999999,-76.878333,2011,8.822764,10.800000190734863,10.921800611476488,10.147065753424656,10.631298990396196,9.59538581920904,24-033-0030-88101-1
38.811940000000014,-76.74416999999998,2011,8.85678,10,9.773622039243698,9.19581095890411,10.076099608782982,8.94604284665579,24-033-8003-88101-1
39.34055600000001,-76.582222,2011,9.909565,11.199999809265137,11.549399716498028,10.655117808219178,11.419010523189526,9.55643831300813,24-510-0006-88101-1
39.34465,-76.68538000000001,2011,9.986441,10.699999809265137,10.512902931706764,10.606194520547945,10.625640024013604,10.8998744741874,24-510-0007-88101-1
39.28777000000001,-76.546861,2011,10.592727,11.399999618530272,11.549399716498028,10.656186301369862,12.457265394801768,10.2310364131812,24-510-0008-88101-1
42.448009,-73.254108,2011,9.079487,8.800000190734863,7.612959682152557,7.977126027397261,9.291279428994113,8.74549581609195,25-003-5001-88101-1
41.685706999999994,-71.169235,2011,7.893103,8.199999809265137,9.019984934851848,8.451772602739727,7.821265399509301,7.94294711994421,25-005-1004-88101-1
42.47464200000001,-70.97081600000001,2011,7.421552,8.300000190734863,10.619962601254292,9.556616438356164,6.481763710088172,7.82064015625,25-009-2006-88101-1
42.77083700000001,-71.10229,2011,7.590435,9,8.878012204920633,9.288298630136984,7.214350943141358,7.50933737704918,25-009-5005-88101-1
42.698215,-71.164413,2011,8.189076,9.300000190734863,7.383038881047129,9.3951698630137,7.658184296306303,8.38096209345794,25-009-6001-88101-1
42.194379999999995,-72.555112,2011,7.836975,10,7.564506421163724,9.52298904109589,8.414338563423218,8.61107915579432,25-013-0008-88101-1
42.10899200000001,-72.590803,2011,9.7575,9.899999618530272,7.564506421163724,9.673019178082193,10.029057399969394,9.02407586800574,25-013-0016-88101-1
42.105792,-72.597133,2011,9.2525,9.899999618530272,7.564506421163724,9.678364383561645,9.92020931931392,8.83307280343717,25-013-2009-88101-1
42.62668,-71.362068,2011,7.57377,9.699999809265137,10.478245692618648,9.153969863013698,8.587405803344765,8.10561699261191,25-017-0009-88101-1
42.081936,-71.01473899999999,2011,8.191736,8.699999809265137,7.123854627446982,9.088430136986302,8.396517723739887,8.87751378326996,25-023-0004-88101-1
42.348873000000005,-71.09716300000001,2011,9.376471,9.199999809265137,7.564723010480253,10.120950684931508,9.951972864142812,9.02912939685315,25-025-0002-88101-1
42.37212199999999,-71.061741,2011,8.657759,9.399999618530272,7.564723010480253,10.057808219178082,8.68482996088388,9.43215534710744,25-025-0027-88101-1
42.3295,-71.08260000000001,2011,8.473109,9,7.564723010480253,10.085909589041096,8.81149366540827,9.07944331487889,25-025-0042-88101-1
42.3631,-71.05430000000001,2011,10.250689,9.300000190734863,7.564723010480253,10.084487671232877,10.274678897576749,8.66012854077253,25-025-0043-88101-1
42.260102,-71.798375,2011,8.599174,8.899999618530273,8.040546985103715,8.919487671232877,8.671383971128042,8.7520360364004,25-027-0016-88101-1
42.263955,-71.79432199999998,2011,9.01,8.899999618530273,8.040546985103715,8.919487671232877,8.884135051042453,8.57402717661692,25-027-0023-88101-1
42.767786,-86.148577,2011,8.464912,8.100000381469727,9.777431185354756,9.586802739726028,9.135424980051672,7.87166909344491,26-005-0003-88101-1
43.571391,-83.890721,2011,7.638136,9.699999809265137,9.186486855576051,9.268701369863011,8.701199177612244,8.54610179528838,26-017-0014-88101-1
42.197790000000005,-86.309694,2011,8.714286,10.199999809265137,9.683532351886244,9.613501369863014,8.895242323067167,9.93920848214286,26-021-0014-88101-1
46.493633,-84.36420700000001,2011,6.410101,6.199999809265137,6.448730422249474,7.267331506849315,6.873482942111209,6.50702904761905,26-033-0901-88101-1
43.04722400000001,-83.670159,2011,8.453782,10.899999618530272,9.958814407862086,9.709810958904107,9.21303734366582,9.03174506906077,26-049-0021-88101-1
42.738618,-84.534633,2011,8.662931,10.800000190734863,9.838432651046238,9.870654794520547,8.8243126056418,8.58201462671906,26-065-0012-88101-1
42.278067,-85.54189000000001,2011,9.000847,10.699999809265137,10.407128877941226,10.060202739726028,10.286465125130748,8.93547811036789,26-077-0008-88101-1
42.95611699999999,-85.679117,2011,9.4675,10.300000190734863,10.38123199522329,10.454575342465754,10.243286569829444,9.68911836772983,26-081-0007-88101-1
42.984173,-85.671339,2011,9.463636,10.300000190734863,10.38123199522329,10.38603287671233,10.944039545058972,9.11556888773389,26-081-0020-88101-1
41.995568,-83.94655900000001,2011,9.526957,9.300000190734863,10.085215327409683,9.98181095890411,9.22521428898926,10.4474276204819,26-091-0007-88101-1
42.731393999999995,-82.793463,2011,8.593277,8.899999618530273,10.19479949657202,9.737660273972605,8.27419990467925,8.51418895934353,26-099-0009-88101-1
44.30700000000001,-86.242649,2011,6.379825,5.599999904632568,7.017544527779982,7.693142465753425,6.210119630405299,6.32528741798942,26-101-0922-88101-1
44.31055500000001,-84.891865,2011,6.144248,5.300000190734863,6.778677684024927,7.579443835616439,4.578072870664537,6.1593889728794,26-113-0001-88101-1
41.763936,-83.471878,2011,9.961017,9.300000190734863,10.488944210606771,10.412342465753424,9.846392693133495,9.98348419834711,26-115-0005-88101-1
43.23306099999999,-86.23858,2011,8.408403,8.5,9.873428054536468,9.444465753424655,9.413339527798716,8.27909790730337,26-121-0040-88101-1
42.463063,-83.18319900000002,2011,9.161017,10.5,10.4978487469176,10.625227397260272,9.081367234574303,9.63272573060734,26-125-0001-88101-1
42.894451,-85.852734,2011,9.105,8.800000190734863,9.60215132172671,10.241904109589042,9.622839081765346,8.7007726837221,26-139-0005-88101-1
42.95333599999999,-82.456229,2011,9.146281,9,10.191122659617715,9.819449315068493,8.54691450717247,9.90276607553366,26-147-0005-88101-1
42.24056499999998,-83.599602,2011,9.713793,10.5,10.866997184023028,10.41254794520548,9.987844962092884,10.0114454606526,26-161-0008-88101-1
42.22862,-83.2082,2011,10.478409,10.600000381469728,11.18402015090541,10.727441095890413,10.7906946793207,10.3168208333333,26-163-0001-88101-1
42.302786,-83.10653000000002,2011,10.905932,10.899999618530272,12.039910396505904,10.911150684931506,10.413453643260878,11.1629789046653,26-163-0015-88101-1
42.357808,-83.096033,2011,10.083333,10.5,10.925196875024264,10.86704383561644,10.1788504537801,10.3164741235392,26-163-0016-88101-1
42.43084000000001,-83.000138,2011,9.442609,10.399999618530272,11.15772547182283,10.676887671232876,8.52675497140927,9.65520581227437,26-163-0019-88101-1
42.423063,-83.426263,2011,9.464706,10.100000381469728,10.566153880936078,10.236156164383562,9.88549636024775,9.43155936459246,26-163-0025-88101-1
42.306673999999994,-83.148754,2011,11.370548,10.800000190734863,12.039910396505904,10.9746301369863,10.645362082406413,10.5444658553076,26-163-0033-88101-1
42.18728899999999,-83.153905,2011,8.765455,8.899999618530273,10.896411555819553,10.595706849315068,9.862088090243986,9.50990247739602,26-163-0036-88101-1
42.33500799999999,-83.109563,2011,10.501681,10.600000381469728,12.039910396505904,10.906320547945205,9.92943003354231,10.7027969057665,26-163-0038-88101-1
42.323340999999985,-83.068473,2011,10.52087,9.800000190734863,10.925196875024264,10.87649589041096,8.420415949822704,10.0888925,26-163-0039-88101-1
45.13768000000001,-93.207615,2011,7.650459,9.600000381469728,7.736312126248919,10.49151780821918,8.880787732422844,8.11581154483255,27-003-1002-88101-1
44.73846000000001,-93.23725,2011,8.476364,9.300000190734863,7.24039002194722,10.307876712328769,9.134156348622213,8.41710420361248,27-037-0470-88101-1
44.953660000000006,-93.25821,2011,8.714414,9.600000381469728,8.576234361327426,11.3102,9.680385105780369,9.18152455511288,27-053-0963-88101-1
44.94805000000001,-93.34315,2011,8.607965,9.100000381469728,8.853794793954126,11.190934246575342,8.96919733800588,8.70702220481928,27-053-2006-88101-1
44.95072,-93.09827,2011,9.478846,10.100000381469728,8.576481246811923,10.997320547945206,9.904323314092624,8.55618506535948,27-123-0868-88101-1
44.959390000000006,-93.03587,2011,9.043243,9.800000190734863,8.576481246811923,10.766030136986302,9.593585235947318,9.1967372706422,27-123-0871-88101-1
46.81826,-92.08936,2011,5.479817,6.199999809265137,6.513906881594442,7.709076712328767,6.17171870336714,5.63585365949119,27-137-7550-88101-1
46.76643000000001,-92.13354,2011,6.076852,6.900000095367432,6.760617460278018,7.9682,7.015447619944982,6.51740713636364,27-137-7551-88101-1
34.82166,-89.98783,2011,9.651852,10.300000190734863,9.942829363363442,9.778287671232876,10.720733102450849,9.38490470321229,28-033-0002-88101-1
31.323638999999996,-89.287167,2011,11.609322,10.800000190734863,10.015893885251888,9.834824657534249,11.978047191492442,12.0838173274596,28-035-0004-88101-1
33.83444399999999,-89.792778,2011,9.193396,9.100000381469728,8.22941001316257,9.314917808219178,9.980803724342556,8.67045190174326,28-043-0001-88101-1
30.300833000000004,-89.395916,2011,9.219643,8.699999809265137,9.37108102924552,8.690128767123287,9.946399356031971,9.11404111731844,28-045-0003-88101-1
30.390369,-89.049778,2011,10.123894,9.699999809265137,9.733990100789844,9.141920547945206,9.606640602074428,10.0263376551724,28-047-0008-88101-1
32.38573100000001,-90.1412,2011,11.214655,10.899999618530272,10.093836768074716,10.493597260273972,12.094918851264056,11.5312326530612,28-049-0010-88101-1
32.33037,-90.166201,2011,10.927273,10.399999618530272,10.093836768074716,10.405205479452055,12.295517348933895,11.4007221004566,28-049-0019-88101-1
30.378287,-88.53393,2011,9.628947,10.5,10.050386546643299,8.993238356164383,10.531638994577872,9.82086254797441,28-059-0006-88101-1
31.688638000000005,-89.135115,2011,11.799138,11.100000381469728,9.535717844580994,10.064808219178085,11.483463925168284,12.8040598591549,28-067-0002-88101-1
32.364565,-88.731491,2011,10.871053,10.899999618530272,9.579169453797023,10.0814,11.761109460484834,11.8365363957597,28-075-0003-88101-1
34.264917000000004,-88.766222,2011,10.448649,11.100000381469728,10.061069040797353,10.036723287671231,10.844136630358449,10.313619574853,28-081-0005-88101-1
38.65647899999999,-90.189868,2011,13.818182,12.899999618530272,11.222217518035672,12.685512328767125,12.758915674219748,12.6009290710383,29-510-0093-88101-1
46.8505,-111.987164,2011,3.233621,6.300000190734863,4.126888015150881,5.181282191780822,3.541548739062426,3.92897924217463,30-049-0004-88101-1
41.247486,-95.973142,2011,9.14,10.600000381469728,9.290070167458977,10.171961643835616,9.068290388194905,10.0925886569343,31-055-0019-88101-1
41.197847,-96.056686,2011,10.686239,10.199999809265137,8.539486255115909,10.12384383561644,10.241317083582343,9.86492161413562,31-055-0052-88101-1
40.942099,-98.364967,2011,6.984874,7.699999809265137,7.228274641693849,8.25227397260274,7.89068625799383,7.23985911172161,31-079-0004-88101-1
40.81259099999999,-96.683314,2011,8.553571,10.100000381469728,8.663862178587792,9.335,8.897292726208825,9.31267010743062,31-109-0022-88101-1
41.551211,-96.146175,2011,9.070796,9.699999809265137,7.851331810058221,9.345720547945206,8.769675860776292,9.55010533733133,31-177-0002-88101-1
39.52508300000001,-119.807717,2011,6.517647,9.899999618530272,7.945616557011792,7.3905452054794525,6.239279181679683,7.5411659100958,32-031-0016-88101-1
42.762055999999994,-71.444583,2011,7.482759,9.699999809265137,8.276793356832552,8.993857534246576,7.684336384083665,8.22914808529156,33-011-1015-88101-1
39.46487200000001,-74.44873600000001,2011,8.682456,8.100000381469727,8.704541409962186,8.73031506849315,9.31793782000264,8.62191191176471,34-001-0006-88101-1
39.36326,-74.431,2011,9.201802,8.899999618530273,9.738773803489142,8.623761643835616,10.73614943261186,9.58958668449198,34-001-1006-88101-1
40.852256,-73.973314,2011,9.757143,10.600000381469728,11.819823510804428,11.360564383561645,10.550507016706463,10.303,34-003-0003-88101-1
40.720989,-74.192892,2011,10.444828,10.600000381469728,10.704120139781937,11.10394794520548,10.125366208002175,10.6463942798774,34-013-0003-88101-1
39.830806,-75.284723,2011,9.433333,10.5,10.915011304733598,10.721180821917809,11.315182170434957,10.7537,34-015-0004-88101-1
40.77279299999999,-74.031718,2011,11.872174,10.699999809265137,10.91313157258266,11.62409589041096,11.52476261074514,10.4236155657292,34-017-2002-88101-1
40.222411,-74.763167,2011,10.276504,10.800000190734863,10.749646815640418,10.28402191780822,10.145507164946784,10.3578862884161,34-021-0008-88101-1
40.31238999999999,-74.87266,2011,8.439815,8.800000190734863,9.171609987867525,9.867816438356163,9.006822600363828,9.2930609085213,34-021-8001-88101-1
40.47282500000001,-74.42240299999999,2011,8.236522,10.5,9.787785861915806,9.883235616438355,9.77463728096884,9.53329540221402,34-023-0006-88101-1
40.80121100000001,-74.483433,2011,8.65625,9.600000381469728,10.644517642668925,9.215128767123288,8.773182900459405,9.52248068467098,34-027-0004-88101-1
40.78762799999999,-74.676301,2011,7.77037,7.599999904632568,8.308830301049124,8.820942465753424,6.422456920512175,8.54389844754396,34-027-3001-88101-1
40.918381,-74.168092,2011,9.876636,11.100000381469728,10.462227187000655,10.12733698630137,9.725884880699564,10.646018129771,34-031-0005-88101-1
40.64144,-74.20836500000001,2011,12.212121,10.5,10.339975677710711,11.097219178082192,13.836130067596525,10.4230154477239,34-039-0004-88101-1
40.673406,-74.213889,2011,9.982569,10.600000381469728,10.339975677710711,10.992158904109589,11.09719826819738,10.6885986457205,34-039-0006-88101-1
40.603942999999994,-74.27617400000001,2011,10.066379,10.300000190734863,10.339975677710711,10.594320547945204,11.041591204191096,10.53345696913,34-039-2003-88101-1
40.69920700000001,-75.18052499999999,2011,9.705405,11.199999809265137,10.117667897404118,10.42008219178082,10.70799882076168,10.3839142488263,34-041-0006-88101-1
40.92457999999999,-75.067815,2011,9.111285,9.100000381469728,8.826104454001541,9.139890410958904,9.329038928218202,8.68372399544678,34-041-0007-88101-1
35.13430000000001,-106.5852,2011,6.989286,7.900000095367432,7.47055207803022,7.492024657534246,6.7438521513448135,6.64177000834725,35-001-0023-88101-1
35.06309999999999,-106.578785,2011,6.731928,7.699999809265137,6.878140492530004,7.23642191780822,7.255493405208728,6.72877316440778,35-001-0024-88101-1
32.322037,-106.768337,2011,5.762376,9.800000190734863,7.044822076525247,9.723882191780822,7.346172332331315,7.22507352207294,35-013-0025-88101-1
36.774162,-108.165034,2011,4.095413,4.800000190734863,5.222737059335802,7.1396931506849315,5.914037057154625,4.31476114784206,35-045-0019-88101-1
35.671142,-105.954188,2011,4.892079,6.699999809265137,7.199279592657749,6.169471232876712,5.069986911087824,5.13502777070064,35-049-0020-88101-1
42.64225,-73.75464,2011,8.78563,10.399999618530272,9.094489081396071,8.879717808219178,7.8705789469895295,8.77550288793103,36-001-0005-88101-1
42.68075000000002,-73.75733,2011,7.172826,9.600000381469728,9.094489081396071,8.90214794520548,8.38879289848423,7.82088232424677,36-001-0012-88101-1
40.83606,-73.92009,2011,11.594495,11.5,10.608504055024856,11.546630136986302,11.068334512344403,11.1983687232743,36-005-0080-88101-1
40.8679,-73.87809000000001,2011,9.955,11,10.608504055024856,11.16876712328767,10.432342082724908,10.4658442307692,36-005-0133-88101-1
42.29071,-79.58961,2011,7.371304,7.099999904632568,8.805404272894615,8.61375890410959,8.331422831465465,8.84603503258508,36-013-0011-88101-1
42.876907,-78.809526,2011,9.513982,9.199999809265137,10.939498650652617,9.619328767123289,9.73979785424766,9.87142640044994,36-029-0005-88101-1
44.39308,-73.85890000000002,2011,4.3,4.5,5.57748638307924,6.462038356164384,4.685234988875093,4.56083158818835,36-031-0003-88101-1
40.71961,-73.94771,2011,10.297297,10.600000381469728,10.320248559460984,11.639345205479453,10.727066444922956,11.1112909465021,36-047-0122-88101-1
40.63103,-73.73388000000001,2011,8.967257,10.300000190734863,12.081266014101402,9.603150684931506,9.0835419189257,9.74698537196555,36-059-0008-88101-1
40.73,-73.984,2011,12.1,11.5,10.320248559460984,11.776383561643836,11.969924704032726,10.4538258533502,36-061-0128-88101-1
40.714360000000006,-73.99518,2011,11.937615,11.300000190734863,10.320248559460984,11.743742465753424,11.501779774853103,10.4464560912052,36-061-0134-88101-1
43.05235,-76.05921,2011,8.062162,8.600000381469727,8.753022418167891,8.836583561643836,9.275585982704364,8.23759548037889,36-067-1015-88101-1
41.49916000000001,-74.00885,2011,8.587069,9.899999618530272,8.666233415277073,9.162427397260274,9.233835804879345,8.7579068045977,36-071-0002-88101-1
40.73614,-73.82153000000001,2011,9.418,10.699999809265137,10.148844545093416,10.928701369863012,10.525140067884177,10.1990949042146,36-081-0124-88101-1
40.59664,-74.12525,2011,8.887931,9.600000381469728,11.160358923289024,10.8903698630137,9.971780752724126,9.49874165409754,36-085-0067-88101-1
42.09141999999999,-77.20978,2011,7.176923,7.599999904632568,7.0935508781755585,8.078764383561644,7.283520193883742,8.86368710564399,36-101-0003-88101-1
40.74529,-73.41919000000001,2011,8.835652,9.199999809265137,9.481737550909202,9.061109589041097,8.53166922803385,9.45647592535787,36-103-0002-88101-1
40.93149,-73.76575,2011,9.350413,10.899999618530272,11.123401446494514,10.458556164383564,9.56923779820144,9.65961851605759,36-119-1002-88101-1
36.30703299999998,-79.467417,2011,8.382258,8.699999809265137,10.007871108987764,9.380909589041096,9.26794789833686,7.6904214273127796,37-033-0001-88101-1
35.75722199999999,-79.159722,2011,8.428205,9.300000190734863,9.310099683387635,9.587484931506848,8.042222586077546,7.93628052386496,37-037-0004-88101-1
34.954823,-77.960781,2011,9.142017,9.300000190734863,9.302027461931823,9.89790410958904,10.360022198452128,8.79078744405183,37-061-0002-88101-1
36.11069299999998,-80.226438,2011,9.623837,10.600000381469728,9.959350907802948,9.874594520547944,9.691144538555193,10.4015037782486,37-067-0022-88101-1
36.026,-80.342,2011,9.288288,10,9.94895077304423,9.904991780821918,9.784762968509089,9.51287593558282,37-067-0030-88101-1
36.06866,-80.00705,2011,9.233613,9.699999809265137,9.73777625738152,10.121912328767124,9.917652886033457,9.24275360328931,37-081-0014-88101-1
35.505750000000006,-82.97918,2011,9.973109,8.800000190734863,9.221922239282849,9.01095890410959,10.103837363381665,9.88217184684685,37-087-0012-88101-1
35.466767,-83.277928,2011,9.400971,9.699999809265137,8.040651996421355,8.959002739726028,9.749601878152808,7.8838118916914,37-099-0006-88101-1
35.231459,-77.56879200000002,2011,9.993277,10.100000381469728,9.809810596430054,9.797254794520548,10.29821345755042,8.50861266903915,37-107-0004-88101-1
35.687406,-81.993808,2011,9.85339,9.800000190734863,8.774027083449958,9.343586301369864,9.334334069396355,9.26295729110512,37-111-0004-88101-1
35.81065999999999,-76.906249,2011,8.95913,8.600000381469727,8.296140285088246,8.882213698630137,8.93731611751364,7.41299200860832,37-117-0001-88101-1
35.24009999999999,-80.78568300000002,2011,10.69255,11,10.080991183394293,10.936917808219178,10.752435481161529,11.3904458315519,37-119-0041-88101-1
35.15128299999999,-80.86698300000002,2011,10.998305,10.800000190734863,10.004197257923169,11.163876712328769,10.584218987114296,11.564122952381,37-119-0042-88101-1
35.304100000000005,-80.88865,2011,10.138244,10.5,9.959663615459554,10.669093150684931,10.737754660042668,9.94505448648649,37-119-0043-88101-1
35.915278,-82.073333,2011,9.020513,8.600000381469727,8.764808630559802,8.70101095890411,9.40596040999894,8.02090766794626,37-121-0001-88101-1
34.364166999999995,-77.838611,2011,8.65,8.899999618530273,8.407434340092168,9.344679452054796,8.818026314727978,7.91258788793103,37-129-0002-88101-1
34.645,-78.99028,2011,10.040496,10.199999809265137,10.067715717129577,10.097813698630135,10.032387323234534,10.2167246133333,37-155-0005-88101-1
35.551868,-80.39503900000001,2011,10.18547,9.899999618530272,9.789217346291853,9.995268493150684,10.231142661209704,10.1880268778281,37-159-0021-88101-1
35.856111000000006,-78.574167,2011,9.473984,10.600000381469728,11.382054876555321,10.211534246575342,9.613739599299397,10.1788466863034,37-183-0014-88101-1
35.72880000000001,-78.68020000000001,2011,9.543697,9.699999809265137,10.216266199396154,10.305835616438356,10.103144278993662,9.40254756329114,37-183-0020-88101-1
36.221944,-81.663056,2011,8.113675,7.099999904632568,8.274076066045911,8.531997260273972,9.023728723534196,8.01783544367527,37-189-0003-88101-1
35.36921399999999,-77.993893,2011,9.354237,10.399999618530272,11.759437805363897,10.030235616438356,9.68803908478307,10.3635983907186,37-191-0005-88101-1
46.89430000000001,-103.37853,2011,4.139344,4.199999809265137,4.768006333657735,6.145506849315068,3.956228811090673,5.77040115217391,38-007-0002-88101-1
46.933754,-96.85535,2011,7.863063,5.199999809265137,6.0293333439851216,8.300967123287672,8.474659573911572,7.51022574061433,38-017-1004-88101-1
47.298611,-101.766944,2011,5.083051,4.300000190734863,5.5924802150121415,6.954775342465753,6.765179623432854,6.16762252061249,38-057-0004-88101-1
40.32207,-80.60630000000002,2011,11.407407,12,11.041037338128811,11.843523287671234,11.8402862825396,11.5894022650057,39-081-1001-88101-1
39.760659,-84.187678,2011,12.171795,13.399999618530272,11.849322681724146,11.99929589041096,12.19838177971634,11.8754463643471,39-113-0032-88101-1
35.47291999999999,-97.52709,2011,10.192437,10.399999618530272,8.906948716256263,10.432717808219175,10.497936982596364,10.4021157385795,40-109-0035-88101-1
35.61413100000001,-97.475083,2011,9.673109,9.800000190734863,8.66621310343753,10.213728767123287,9.445535387119158,9.66362670986321,40-109-1037-88101-1
35.408139999999996,-94.524413,2011,11.478899,10.600000381469728,8.784590429217415,10.981523287671234,11.790229204404852,11.4279351372549,40-135-9021-88101-1
36.204902,-95.976537,2011,11.167697,10.5,8.836242151441866,11.158238356164384,11.328128735887242,11.7524053457292,40-143-1127-88101-1
43.58925,-119.04872,2011,9.998291,6.5,7.278785170551179,6.43605205479452,10.086316532108828,9.27057149739583,41-025-0003-88101-1
42.31410999999999,-122.87923,2011,9.673451,9.199999809265137,7.879739386471123,8.361890410958905,9.35142800020306,9.12565434913469,41-029-0133-88101-1
42.434139,-123.348466,2011,7.55082,7.5,6.639328360718261,7.570246575342466,7.902677687445374,7.38349262834418,41-033-0114-88101-1
42.19029599999998,-121.731369,2011,11.148696,8.699999809265137,7.466724097139797,7.697123287671233,8.364684189081123,9.18010150284322,41-035-0004-88101-1
42.189215,-120.35396900000002,2011,8.830909,7.400000095367432,7.373970749455404,6.508928767123288,8.24566667360445,8.25490706870229,41-037-0001-88101-1
44.026312,-123.083737,2011,6.501681,6.900000095367432,6.983150065821206,8.131282191780821,7.214960736731733,6.6774783902439,41-039-0060-88101-1
44.046696,-123.01770399999998,2011,5.790476,7.099999904632568,6.983150065821206,8.0671698630137,7.411647200372194,6.87011990900819,41-039-1009-88101-1
43.744352000000006,-122.480487,2011,9.978151,7.5,7.575972475209224,6.520978082191781,9.389687389849216,7.83197207833733,41-039-2013-88101-1
43.799501,-123.053487,2011,7.126891,6.800000190734863,6.43233975260119,7.300761643835616,8.140689512639057,6.97480910485934,41-039-9004-88101-1
44.39580000000001,-122.73050000000002,2011,8.263158,6.699999809265137,6.036228010231038,7.288383561643836,8.623819861127922,7.84926153987168,41-043-2002-88101-1
45.496641,-122.602877,2011,8.131532,8.800000190734863,6.952214418444138,10.793964383561644,9.137635417148136,8.02004953367876,41-051-0080-88101-1
45.652231,-118.823033,2011,7.513115,6.5,6.700401642910967,6.787668493150685,6.7432387241419685,7.4017255570745,41-059-0121-88101-1
45.528501,-122.972398,2011,8.768468,7.5,7.457867235686744,8.694575342465754,9.090171921998632,8.6825114921466,41-067-0004-88101-1
40.46542,-79.960757,2011,11.154624,12.199999809265137,10.938358553852378,12.177290410958904,12.301355197021357,11.9398867145422,42-003-0008-88101-1
40.32376800000001,-79.86806200000001,2011,14.030088,12,12.236804247058153,12.39382191780822,12.439184751261484,12.5139381374723,42-003-0064-88101-1
40.375644,-80.169943,2011,10.63271,9.899999618530272,9.714174209718596,11.852786301369862,10.372728819990536,10.7853588875924,42-003-0067-88101-1
40.606624,-80.021669,2011,9.162,10.399999618530272,9.19677786013884,11.78065205479452,10.149815844944133,9.92563736596737,42-003-0093-88101-1
40.617487999999994,-79.727664,2011,11.574038,11.899999618530272,10.18513027654155,11.357172602739729,11.80680842314322,11.2854421675774,42-003-1008-88101-1
40.402328,-79.860973,2011,12.324,12,11.556811823593367,12.379057534246575,13.016354327483208,12.0158841304348,42-003-1301-88101-1
40.74779600000001,-80.316442,2011,12.046233,12.100000381469728,10.853520077356796,11.717780821917808,11.151390795762945,12.1358433157895,42-007-0014-88101-1
40.383350000000014,-75.9686,2011,11.546746,11.100000381469728,11.394673734490512,11.222898630136989,11.485417943529514,10.7819550675676,42-011-0011-88101-1
40.10722200000001,-74.88222200000001,2011,11.692353,11.199999809265137,12.466367211172592,10.833835616438355,12.177092752965596,11.2911203205128,42-017-0012-88101-1
40.246528,-77.18675,2011,11.235345,11.199999809265137,10.248680269217427,10.98438904109589,12.350436085403842,10.7278871339099,42-041-0101-88101-1
40.046667,-76.28333299999998,2011,12.030226,11.300000190734863,11.378700357823009,12.072654794520547,13.717283101022913,11.5060256077796,42-071-0007-88101-1
41.215014,-80.484779,2011,10.71962,10.100000381469728,10.782617634316225,10.94995890410959,8.609431638833248,11.1021694613821,42-085-0100-88101-1
40.112222,-75.309167,2011,10.234513,11,10.59996335845319,10.846931506849314,12.133647988651424,10.3278864583333,42-091-0013-88101-1
40.645889,-75.404397,2011,11.216379,10.800000190734863,11.179000734409584,11.005693150684932,11.269376002782796,10.6916389300412,42-095-0027-88101-1
39.94465099999999,-75.16520600000001,2011,11.337987,11.5,12.474341294601286,11.390334246575344,11.38726590666568,10.7649727078891,42-101-0047-88101-1
39.922867,-75.18692100000001,2011,11.418209,11.600000381469728,12.474341294601286,11.296635616438357,11.290615807891536,11.3862696319018,42-101-0055-88101-1
40.035985,-75.002405,2011,9.840909,9.600000381469728,11.928724261407146,11.129772602739726,8.998997653657831,10.0349019639408,42-101-1002-88101-1
40.170556,-80.261389,2011,10.783481,11,10.905080286661414,11.189506849315068,11.07144330276215,12.1009415236052,42-125-0200-88101-1
39.965278,-76.699444,2011,11.494118,11.699999809265137,10.75325271524521,11.657304109589042,13.723069222220785,11.4174785507246,42-133-0008-88101-1
41.809235,-71.40743,2011,8.654545,9.100000381469728,8.737025729183365,8.916493150684932,9.310030498465084,8.87746936430318,44-007-0028-88101-1
32.980254,-80.06501000000002,2011,10.193855,9.5,10.080282088052034,10.290364383561643,10.0773314557602,10.1630308971554,45-019-0048-88101-1
32.790984,-79.958694,2011,9.727246,10.699999809265137,9.962594432828828,9.630345205479452,9.850183376123432,10.298180297275,45-019-0049-88101-1
34.615367000000006,-80.198787,2011,9.55339,9.5,9.792404362006463,9.851931506849317,8.496442046947392,9.6046056867985,45-025-0001-88101-1
33.739963,-81.853635,2011,10.421622,9.800000190734863,9.872356371957617,11.292208219178082,9.551059991015949,9.51062632338787,45-037-0001-88101-1
34.21426300000001,-79.767347,2011,11.124138,10.600000381469728,10.183716999781677,10.470506849315068,10.520069565686446,12.0714272213247,45-041-0003-88101-1
34.843894999999996,-82.414585,2011,10.953153,11.699999809265137,10.256504272684134,11.051323287671233,10.91135783653796,10.8387622977346,45-045-0015-88101-1
34.051017,-81.15495,2011,11.65,12.100000381469728,10.928928070881712,11.392208219178082,11.411695703587244,11.6401664688427,45-063-0008-88101-1
34.09395900000001,-80.962304,2011,10.652893,11.100000381469728,10.35476677597562,11.263035616438357,11.26443506362781,10.696115037594,45-079-0007-88101-1
34.95556599999999,-81.924797,2011,11.115408,11.300000190734863,10.303939441355665,11.122460273972605,10.718967093123648,10.813292718894,45-083-0011-88101-1
44.310283,-96.80071,2011,7.915833,7.599999904632568,7.468647368303748,8.122649315068493,7.530863626087569,8.3096064171123,46-011-0002-88101-1
45.46249999999999,-98.486111,2011,7.061667,6.5,7.895528737513212,7.462372602739726,7.261765956566548,7.74846245283019,46-013-0003-88101-1
44.89965,-97.128802,2011,8.039496,6.699999809265137,6.21658104606231,7.7541315068493155,7.453052052079397,7.58246914182475,46-029-0002-88101-1
43.544289000000006,-96.726435,2011,8.665289,8.5,8.25414429647628,8.738594520547945,8.078605328998776,9.10422040730337,46-099-0006-88101-1
43.54791999999999,-96.700769,2011,8.878333,8.5,8.25414429647628,8.765531506849316,8.42213828322871,8.96295347427766,46-099-0008-88101-1
44.07835200000002,-103.22824,2011,5.407759,5.800000190734863,6.57064662014886,6.466432876712329,5.0610621981832455,5.5808867862069,46-103-1001-88101-1
42.85097499999999,-96.747325,2011,8.221667,8,7.472403956444446,8.573471232876713,7.85915509011463,7.9796253963964,46-127-0002-88101-1
34.99438,-85.24293,2011,10.937815,12.100000381469728,9.921994384601138,11.27322191780822,11.650564192228757,11.7601582461786,47-065-0031-88101-1
35.233475999999996,-85.181581,2011,10.345902,11.800000190734863,9.39792264271487,10.441380821917807,11.350930868187175,11.5800078556263,47-065-1011-88101-1
35.050917999999996,-85.293019,2011,11.236207,12.5,10.62648667299058,11.058460273972605,11.63476868501134,11.2202266666667,47-065-4002-88101-1
29.515090000000008,-98.620166,2011,9.64386,9.399999618530272,8.224343041234182,9.544542465753423,10.256671036019808,9.55249266331658,48-029-0032-88101-1
29.275380999999996,-98.311692,2011,9.505172,8.800000190734863,7.824659271702183,9.290512328767123,9.19121858765122,9.63106109271523,48-029-0059-88101-1
33.42575800000001,-94.070802,2011,10.942623,10.5,9.271315940801228,10.40144383561644,11.337503937628345,11.4864429672447,48-037-0004-88101-1
32.820061,-96.86011700000002,2011,10.432647,10.5,9.904640425970346,10.749197260273972,11.087071643129,11.416914938737,48-113-0069-88101-1
31.765685000000015,-106.455227,2011,12.665517,10.300000190734863,7.417684004362118,11.761013698630135,9.76450769189933,13.2026771101574,48-141-0044-88101-1
29.770698,-95.031232,2011,11.889655,10.199999809265137,8.906514847314762,11.04171506849315,11.143148268346351,11.2105948508825,48-201-0058-88101-1
29.733725999999997,-95.257593,2011,12.177311,11.399999618530272,10.234804233858853,11.931432876712329,12.493509155504476,12.5903095505618,48-201-1035-88101-1
26.22621,-98.291069,2011,10.630612,11.5,9.25534288356929,8.69914794520548,11.741384512819552,10.2914030940067,48-215-0043-88101-1
41.492707,-112.018863,2011,7.639831,7.900000095367432,6.6361498823576515,8.211427397260273,7.803896977056581,8.05956840389016,49-003-0003-88101-1
41.731111000000006,-111.8375,2011,8.936364,8.600000381469727,7.6655994282410544,8.41872602739726,9.596268861549769,9.01771163833076,49-005-0004-88101-1
40.902967,-111.884467,2011,8.40177,9.399999618530272,7.342032174671927,8.56786301369863,9.352102839855478,8.53501091097309,49-011-0004-88101-1
40.708611,-112.094722,2011,7.743119,8.399999618530273,7.437708267068005,8.741389041095891,7.796383694224289,7.83552102439024,49-035-1001-88101-1
40.73638900000001,-111.872222,2011,8.227907,9.5,8.585142412410832,9.088454794520548,9.360204620163572,8.46358423202614,49-035-3006-88101-1
40.78421999999999,-111.931,2011,8.993931,9,8.997624004200217,9.129810958904107,9.75602749484678,8.89626497564935,49-035-3010-88101-1
40.543309,-112.299618,2011,6.240541,6,5.966336852461486,6.933432876712328,6.876947522403025,6.34802757453936,49-045-0003-88101-1
40.253611000000014,-111.663056,2011,7.539871,8.699999809265137,8.031491508708722,7.809972602739726,8.600347236543044,7.58653222346369,49-049-0002-88101-1
40.341388999999985,-111.713611,2011,8.236207,8.699999809265137,8.02051590079082,7.976819178082192,7.795386242925511,7.66540493071594,49-049-4001-88101-1
40.13633599999999,-111.660502,2011,7.478947,7.900000095367432,7.0699476371689824,7.422219178082192,8.094625017345564,7.3236444357439,49-049-5010-88101-1
37.19830000000001,-113.1506,2011,4.564478,6.099999904632568,5.816025110407187,5.66852602739726,3.778321120651874,3.43817499665552,49-053-0130-88101-1
41.206321,-111.975524,2011,9.057637,8.699999809265137,8.164090358449378,8.78592602739726,10.01113428186052,8.50254207,49-057-0002-88101-1
41.303614,-111.987871,2011,7.465179,7.5,7.257919832462535,8.533367123287672,8.002691307227423,7.64801813946216,49-057-1003-88101-1
43.608056,-72.98277799999998,2011,10.387156,8.800000190734863,8.798583677269109,7.972353424657534,10.094035961676983,9.32802073545554,50-021-0002-88101-1
38.07657,-78.50397,2011,8.488983,8.699999809265137,8.630838832765663,8.947709589041096,9.029284854972184,8.15602706382979,51-003-0001-88101-1
37.34438,-77.25925000000001,2011,8.841071,9.399999618530272,8.941063660989181,9.466268493150684,9.364626462819157,10.8751914598071,51-036-0002-88101-1
37.43466999999999,-77.45118000000001,2011,9.3792,9.600000381469728,9.30071743274338,9.849446575342466,9.593740403861554,9.31108651711924,51-041-0003-88101-1
38.77335000000001,-77.10468,2011,9.247592,10.300000190734863,9.813512702130538,9.93454794520548,9.806852858101202,9.78395233364574,51-059-0030-88101-1
39.28101999999999,-78.08157,2011,9.991964,9.800000190734863,9.710044555754337,9.733583561643837,11.516922856972972,9.390829,51-069-0010-88101-1
37.556520000000006,-77.40027,2011,9.427566,9.600000381469728,9.43166217042928,9.778128767123288,9.648659854124617,9.71811351632048,51-087-0014-88101-1
39.02473,-77.48925,2011,9.070339,10.399999618530272,10.440831410841078,9.69652602739726,10.534943360551672,9.2590041644385,51-107-1005-88101-1
38.66373,-78.50442,2011,8.671429,8.800000190734863,8.737587055182646,8.904698630136986,9.081651494943886,8.14126352313167,51-139-0004-88101-1
38.47753,-78.81952,2011,9.544068,9,9.824504228985298,9.406849315068492,9.819386110034635,8.23982210037175,51-165-0003-88101-1
38.810403,-77.04435,2011,10.2125,10.600000381469728,10.5280485827357,10.09852602739726,10.60476866575203,9.81899698096102,51-510-0009-88101-1
36.608,-82.1641,2011,9.779339,10.100000381469728,9.67227303089161,9.937364383561643,10.970643569253973,9.97328168042739,51-520-0006-88101-1
37.103733,-76.38701699999999,2011,9.134454,9.5,9.055013512053492,9.01207397260274,8.767115748741414,8.97655755579171,51-650-0008-88101-1
37.332705999999995,-79.215011,2011,8.383929,8.699999809265137,9.038947371914867,9.506024657534246,9.634600712390531,8.74074284785436,51-680-0015-88101-1
36.85555,-76.30135000000001,2011,10.212712,9.5,9.473002966482694,9.776660273972604,9.813659479956412,10.1436841745283,51-710-0024-88101-1
37.29716700000001,-79.955733,2011,10.174203,10.100000381469728,10.150377065910538,9.894424657534246,10.101575830612912,10.9609913523459,51-770-0015-88101-1
37.297883,-80.081017,2011,9.864286,9.699999809265137,9.812392774119964,9.676254794520547,10.290636746026497,10.4019213782383,51-775-0011-88101-1
36.84188300000002,-76.181233,2011,9.620917,9.600000381469728,9.604445043471983,9.61449589041096,9.734168686980276,11.6294961633663,51-810-0008-88101-1
47.568236,-122.308628,2011,5.711207,6.800000190734863,7.247694032762875,9.558986301369863,6.485039124235321,6.43434132505176,53-033-0080-88101-1
47.186399999999985,-122.4517,2011,7.986686,7.300000190734863,7.473976710704194,8.130539726027397,8.003149177329034,7.07513749097473,53-053-0029-88101-1
48.24690000000001,-121.6031,2011,7.464103,5.5,6.028707085047279,5.3624767123287675,7.451381398490161,6.11497928240741,53-061-0020-88101-1
47.672482,-117.364852,2011,7.293421,7.599999904632568,7.75770688537727,8.209569863013698,8.115104899222185,7.53544186289121,53-063-0021-88101-1
46.59805599999999,-120.499167,2011,8.65,7.800000190734863,7.058284701147949,7.049421917808219,7.422356298430281,8.23547398242055,53-077-0009-88101-1
39.448105000000005,-77.96384499999999,2011,11.14,10.600000381469728,10.650371172044768,10.213764383561644,12.97245658471354,10.9690302644466,54-003-0003-88101-1
40.341023,-80.59663500000002,2011,12.632203,11.100000381469728,10.827471911265086,11.85208493150685,11.563522861517816,10.9344043993636,54-009-0005-88101-1
38.424133,-82.4259,2011,11.161739,12,10.191086967764104,10.991161643835616,11.746326770466794,11.3254416959887,54-011-0006-88101-1
40.421539,-80.580717,2011,11.397414,10.699999809265137,10.189491261226529,11.741295890410958,11.720135668357925,10.9092383598266,54-029-1004-88101-1
38.3456,-81.628317,2011,10.610185,11.300000190734863,10.379413530156716,10.649109589041096,11.350410464568172,11.0150301152738,54-039-0010-88101-1
38.36618300000001,-81.693717,2011,12.020168,11.399999618530272,10.379413530156716,10.846632876712327,11.7598044927039,11.6804767537827,54-039-1005-88101-1
39.481483,-80.134667,2011,11.26281,11,10.322869646427948,10.330797260273972,10.773663781662362,11.5160023427867,54-049-0006-88101-1
39.915961,-80.733858,2011,12.594872,11.5,10.032243260853331,11.384750684931507,12.51802057901634,12.3126702983139,54-051-1002-88101-1
39.649367,-79.920867,2011,10.638843,10.5,10.19805708722764,10.278249315068493,10.55432814262501,10.4327415937804,54-061-0003-88101-1
40.114875999999995,-80.700972,2011,11.324793,11.800000190734863,10.626477652274213,11.542057534246576,11.433763463408877,10.8292010429448,54-069-0010-88101-1
37.807767000000005,-81.197433,2011,9.202586,8.300000190734863,8.260711470986715,9.320142465753424,8.805701712450592,9.57348554310765,54-081-0002-88101-1
39.323533,-81.552367,2011,11.5925,10.5,10.511292573728907,11.31684383561644,12.022994375239218,12.3001710743802,54-107-1002-88101-1
44.50729,-87.99344,2011,9.953672,9.199999809265137,8.729563732062513,9.944805479452056,11.087915090806977,9.48186666666667,55-009-0005-88101-1
43.0733,-89.4358,2011,10.206414,10.300000190734863,9.213684758277806,10.532205479452054,10.078699369573314,10.3698875458167,55-025-0047-88101-1
43.46611100000001,-88.621111,2011,8.508571,8.600000381469727,8.94894631080444,9.897032876712329,9.466891885970592,10.0684336981132,55-027-0001-88101-1
43.06097499999999,-87.913504,2011,10.038333,10.899999618530272,10.457948382753468,10.66814794520548,9.711752900202606,10.3045811359026,55-079-0026-88101-1
44.30738,-88.395178,2011,9.269231,7.599999904632568,8.723004709620845,10.39230410958904,10.453146725911544,9.70892935500254,55-087-0009-88101-1
43.4351,-89.6797,2011,9.195082,7,7.492941336511825,9.738180821917808,8.275658105805839,10.133539505678,55-111-0007-88101-1
45.206599999999995,-90.5972,2011,7.69661,5.599999904632568,7.226123394367907,7.713569863013698,6.662568798140836,7.57654329149233,55-119-8001-88101-1
41.311586,-105.591725,2011,4.671818,5,6.890631300743604,5.19647397260274,4.3836285498350005,4.83850203652968,56-001-0006-88101-1
41.18222700000001,-104.778334,2011,3.376991,3.700000047683716,5.401028936649632,5.587156164383561,4.863967335904192,3.16003587373168,56-021-0100-88101-1
42.85106400000001,-106.325088,2011,4.545378,5.5,7.1372070753507995,5.881493150684932,3.997692523094223,5.00066732824427,56-025-0001-88101-1
44.815142,-106.955933,2011,7.620513,5.800000190734863,5.772094728019942,6.516054794520548,7.366074447391285,6.84252261729791,56-033-0002-88101-1
44.80549400000001,-106.976243,2011,5.518868,5.900000095367432,5.772094728019942,6.50412602739726,5.6843862232859275,6.08902937413074,56-033-0003-88101-1
42.97999999999999,-110.353,2011,3.284746,2.700000047683716,6.080008378136186,5.796476712328767,2.974639041672773,3.56752935908692,56-035-0097-88101-1
42.869823999999994,-109.87076,2011,5.024157,4.400000095367432,5.8496701574692755,5.571345205479452,4.633676902683972,3.82639043928459,56-035-0101-88101-1
42.870531,-109.860957,2011,5.697321,4.300000190734863,5.8496701574692755,5.571345205479452,4.905877554042454,3.82639043928459,56-035-0705-88101-1
30.49747799999999,-87.880258,2011,9.953913,9,9.429646329689582,8.869471232876712,10.815582362604898,8.93851476568705,01-003-0010-88101-1
33.284927999999994,-85.803608,2011,10.60339,9.5,9.594873655650009,10.638065753424655,10.847126955545944,10.1397978501136,01-027-0001-88101-1
34.76261900000001,-87.638097,2011,10.324348,10.199999809265137,9.685437974407796,10.526202739726028,12.276995826535138,10.9077046757164,01-033-1002-88101-1
34.28856699999999,-85.969858,2011,11.185047,10.300000190734863,9.553725137926117,11.111408219178085,11.634551426220495,10.8633730221882,01-049-1003-88101-1
33.991494,-85.992647,2011,11.423684,12.300000190734863,10.180951792734952,11.49513698630137,11.507314101205104,11.6464979020979,01-055-0010-88101-1
31.22478299999999,-85.390789,2011,10.193103,10.399999618530272,9.609875255953549,10.070490410958904,10.526611442421236,10.6770970909091,01-069-0003-88101-1
30.770180999999997,-88.087761,2011,10.027731,9.600000381469728,9.548686707892076,9.640356164383562,10.386147626530317,9.69969865326633,01-097-0003-88101-1
30.474305000000005,-88.141022,2011,9.441509,8.800000190734863,9.565579380064566,8.994235616438356,9.01671073203598,8.58183155246766,01-097-2005-88101-1
32.412811000000005,-86.263394,2011,11.114286,11.600000381469728,9.88413378109226,11.122435616438356,12.11030043396823,11.1138364901017,01-101-1002-88101-1
34.530717,-86.967536,2011,10.478151,10.5,10.033367941007429,10.880386301369864,11.23600166519604,10.3704531771429,01-103-0011-88101-1
32.472136,-85.005028,2011,12.424576,11.699999809265137,9.950227354328172,11.533290410958903,12.221914724933258,12.0369811907984,01-113-0001-88101-1
33.312927,-86.821104,2011,10.82314,11.5,10.06712761175783,11.772131506849314,11.171353915989174,12.3464067498582,01-117-0006-88101-1
33.27947000000001,-86.349438,2011,12.308182,11,9.660996831064969,11.447372602739726,12.744354698653574,11.2473685131195,01-121-0002-88101-1
33.189930999999994,-87.484189,2011,10.731858,10.699999809265137,9.668886388052874,10.849802739726028,11.444761461828712,11.0830738625363,01-125-0004-88101-1
33.483779999999996,-112.14256,2011,10.261864,10.600000381469728,9.666023188170396,9.609054794520548,11.158779177115218,9.98633338160753,04-013-0019-88101-1
33.41018,-111.86536,2011,8.903361,10.600000381469728,6.721982503126448,8.91849589041096,9.044058180590254,9.2126473128945,04-013-1003-88101-1
33.40314,-112.07526,2011,11.425641,10.5,9.25060292071941,9.512786301369864,9.5190686116381,10.2859992178771,04-013-4003-88101-1
33.48813100000001,-111.855443,2011,5.003448,8.300000190734863,6.721982503126448,8.591493150684931,6.946360902864319,7.46062675017895,04-013-7020-88101-1
33.139471,-91.939208,2011,11.213559,9.5,8.980691548370997,10.09432602739726,10.672849967245556,12.10770995,05-003-0005-88101-1
35.637283000000004,-91.188906,2011,10.32906,10.699999809265137,9.712709857343295,10.210865753424658,11.029565763086389,10.2284103684787,05-067-0001-88101-1
33.22056299999999,-92.672263,2011,11.684483,10.300000190734863,8.954843538574218,10.215457534246577,12.08465989234724,11.6355681462141,05-139-0006-88101-1
39.18919,-121.99887,2011,7.02963,9.100000381469728,7.074476438022235,7.1929698630136985,5.724918397934014,7.26018012775842,06-011-1002-88101-1
40.776779999999995,-124.17949,2011,7.010256,6.599999904632568,5.420570071293857,6.44106301369863,7.1539897276546505,6.83015117302053,06-023-1004-88101-1
32.67618,-115.48307,2011,13.740206,10.800000190734863,7.987848258782796,9.984561643835615,15.180356635391895,10.9361311392833,06-025-0005-88101-1
35.356615000000005,-119.062613,2011,16.657091,16.799999237060547,13.647611809637729,13.842175342465753,14.901150549299212,14.0958251791198,06-029-0014-88101-1
35.32463599999999,-118.997627,2011,14.60531,14.800000190734863,9.915013194551092,13.395106849315068,14.773567939552564,14.09050125,06-029-0016-88101-1
34.01028999999999,-118.0685,2011,12.454386,16,11.540898335060778,12.800572602739726,12.190384980197734,12.4144608535688,06-037-1602-88101-1
39.23347700000001,-121.05560800000002,2011,4.259649,7.199999809265137,7.085882991903276,6.8728493150684935,4.332031782443076,6.06117253909844,06-057-0005-88101-1
38.74643,-121.26497999999998,2011,8.462295,11.800000190734863,8.41050205986133,9.526739726027396,8.69386640777502,9.20251358190709,06-061-0006-88101-1
39.939567,-120.944376,2011,10.835043,7.800000190734863,7.54118029940874,7.328857534246575,9.584692430090517,9.39318093714286,06-063-1006-88101-1
33.99636000000001,-117.4924,2011,15.423324,17.200000762939453,12.09515369170388,13.683216438356164,14.260449705959282,12.5694820047733,06-065-8005-88101-1
38.56844000000001,-121.49311,2011,10.074797,11.399999618530272,8.12556591759719,10.367671232876711,9.09695102541457,8.84697952599388,06-067-0010-88101-1
34.26464,-116.86147,2011,8.550909,5.300000190734863,7.358188635941461,7.618331506849315,7.5903993528526446,6.32400823210412,06-071-8001-88101-1
32.631242,-117.059088,2011,10.001869,10.5,9.578372845684047,10.304624657534246,10.497352985048485,9.51181006631928,06-073-0001-88101-1
33.127769,-117.075086,2011,10.391667,11,9.61144916552375,9.737271232876711,10.286036789657087,9.68903706270627,06-073-1002-88101-1
35.04673000000001,-120.58777000000002,2011,11.927697,8.199999809265137,9.388090455421915,8.462,9.820056191577756,7.46665302874743,06-079-2007-88101-1
40.55013,-122.38092,2011,5.298214,10.800000190734863,6.021008468549168,7.077394520547945,7.339021628470177,6.37071703067485,06-089-0004-88101-1
37.642165,-120.99421200000002,2011,12.86,14.899999618530272,10.387430298683189,10.314386301369863,15.09472281961306,9.88841430037314,06-099-0005-88101-1
34.210169,-118.870509,2011,8.663934,10.800000190734863,9.359533750943598,9.404216438356164,9.431059037157468,8.89218297077922,06-111-0007-88101-1
34.40428099999999,-118.80997999999998,2011,7.727119,9.800000190734863,8.538585338767845,8.94315890410959,8.819349075016891,7.80945096590909,06-111-0009-88101-1
34.276315999999994,-118.68368499999998,2011,8.768696,11.199999809265137,9.31260394194604,9.906693150684932,9.753784747403625,9.00606190692969,06-111-2002-88101-1
34.252390000000005,-119.143182,2011,8.87479,9.800000190734863,9.762744351233724,9.040780821917808,8.776424897404686,8.87580340930674,06-111-3001-88101-1
38.277719000000005,-85.740111,2011,12.862112,13.5,12.057470194529117,12.471750684931507,13.19110420666269,12.9883375063873,18-019-0006-88101-1
38.39382200000001,-85.664118,2011,10.911966,10.600000381469728,10.564873242876663,12.012972602739726,11.449507801242998,11.1910091452206,18-019-0008-88101-1
40.199501999999995,-85.387908,2011,10.991964,12.699999809265137,11.022349311901513,10.887112328767124,11.21901183378744,11.6595029484029,18-035-0006-88101-1
38.391799000000006,-86.929668,2011,12.554783,12.300000190734863,11.112877111640053,11.59748493150685,11.36240570319136,12.8235327586207,18-037-2001-88101-1
41.65715500000001,-85.968446,2011,11.171186,10.600000381469728,12.987820544178826,10.770279452054794,12.02549073825509,11.1578323401163,18-039-0008-88101-1
38.30703,-85.83297399999998,2011,11.358621,13.100000381469728,12.071664495635009,11.93845205479452,14.169586949064383,11.0757362857143,18-043-1004-88101-1
40.009544000000005,-85.52347,2011,10.569748,10.699999809265137,10.804775466010684,10.941060273972605,11.83813732088482,10.5060726985294,18-065-0003-88101-1
41.635952,-87.442017,2011,11.323423,12.5,10.829079678464064,12.254671232876712,11.50293348383575,12.0344638563622,18-089-0006-88101-1
41.57328199999999,-87.406579,2011,13.32263,12.600000381469728,11.829432604019395,12.252942465753424,12.62110855271595,11.7884230859835,18-089-0026-88101-1
41.598473,-87.342947,2011,11.785047,12.5,11.458275109648264,12.126249315068494,12.621600280920171,11.9014326848249,18-089-0031-88101-1
41.586386000000005,-87.475543,2011,11.354237,12.699999809265137,11.829432604019395,12.30118904109589,11.514862340538162,12.1938286721504,18-089-2004-88101-1
39.810832999999995,-86.114444,2011,11.85042,13.699999809265137,11.472384315601174,12.299630136986302,14.41290557230248,12.198525462963,18-097-0078-88101-1
41.6175,-87.199167,2011,10.597414,10.199999809265137,10.757131619222305,11.446876712328766,9.71574620200926,10.5345356396396,18-127-0024-88101-1
41.69666,-86.214722,2011,10.542857,11.600000381469728,10.485991039049024,10.639791780821918,11.766144974787052,10.5118358171041,18-141-0015-88101-1
39.48598700000001,-87.401312,2011,12.403448,12.699999809265137,11.167611367144794,11.383139726027398,13.04106716264508,12.1626580118694,18-167-0018-88101-1
42.501543,-92.316017,2011,10.510256,10.199999809265137,9.126369991109332,10.059454794520548,10.311929622117225,10.7302597,19-013-0009-88101-1
41.657232000000015,-91.503478,2011,10.193827,11.300000190734863,9.839235958346638,10.691158904109589,10.312311130323208,10.6794813793103,19-103-2001-88101-1
40.969112,-95.044951,2011,9.010811,8.699999809265137,8.385942500326077,9.171490410958905,9.094853481979497,9.53811349323493,19-137-0002-88101-1
43.123704,-94.693518,2011,9.139831,7.400000095367432,8.108335271103062,8.907043835616438,9.38229716985733,9.32452570109152,19-147-1002-88101-1
41.550005000000006,-90.60011500000002,2011,11.455652,11.800000190734863,9.723627768434367,11.284298630136986,11.487291620955611,11.219573006135,19-163-0018-88101-1
41.512077,-90.624044,2011,11.203448,11.300000190734863,9.723627768434367,11.292484931506849,10.949960035310912,11.7204981300089,19-163-0020-88101-1
30.227797999999993,-93.579965,2011,9.001626,9,7.535039551053645,9.862460273972603,9.477787810162324,9.79434170623145,22-019-0009-88101-1
30.461981,-91.179219,2011,10.050279,12.100000381469728,9.7958067232412,10.784232876712329,10.88491387460742,11.6045567612688,22-033-0009-88101-1
30.21910100000001,-91.062552,2011,9.98,10.199999809265137,9.5735993009683,10.99653698630137,10.020146471134057,9.98641447994988,22-047-0005-88101-1
30.221255000000003,-91.315418,2011,9.364167,10.300000190734863,8.910460600406342,9.553435616438357,8.715115614727438,9.09175092984641,22-047-0009-88101-1
30.041238,-90.272826,2011,9.158333,10,8.293421957166515,9.425884931506848,8.31684729008732,8.6123424100061,22-051-1001-88101-1
29.900314000000005,-90.109836,2011,9.206557,10.600000381469728,8.767746681202896,9.368956164383562,8.952958758300158,9.92537336412625,22-051-2001-88101-1
30.226109999999995,-92.042908,2011,9.007143,11.5,9.1085078885115,9.655189041095891,10.07273662346105,9.45091071480671,22-055-0007-88101-1
32.509959000000016,-92.046196,2011,9.409244,9.800000190734863,9.643890562018834,9.774071232876713,10.097596140432817,8.79029,22-073-0004-88101-1
29.943164,-89.97625,2011,10.715,10.5,9.115583844332294,9.179972602739726,9.39133695627964,11.0064063236515,22-087-0007-88101-1
30.503286999999993,-90.377212,2011,9.360833,8.800000190734863,8.851811299405062,9.06022191780822,9.340002158312153,8.59055120851597,22-105-0001-88101-1
29.679301,-90.779731,2011,8.686179,8.5,9.052498028799937,9.10911506849315,8.912259415164561,8.20129427789934,22-109-0001-88101-1
30.500642000000006,-91.213556,2011,11.070294,11.199999809265137,9.679290007853336,10.569613698630135,11.002079051249469,10.2779544651442,22-121-0001-88101-1
39.460477999999995,-76.63354300000002,2011,9.672727,10.699999809265137,10.370812549601087,10.273109589041097,10.001258890254157,10.1534850284414,24-005-1007-88101-1
47.523354999999995,-92.536305,2011,5.142857,6.300000190734863,7.321723665027077,7.615230136986301,5.717404018965582,5.46618464926591,27-137-7001-88101-1
44.791437000000016,-93.512534,2011,7.946364,9.199999809265137,8.291528177146292,10.098528767123288,8.80686737240178,8.46677391339539,27-139-0505-88101-1
39.104686,-94.57079,2011,10.80339,11,9.46264869840546,11.313706849315068,9.028902387426331,10.3143495329949,29-095-0034-88101-1
38.656429,-90.198348,2011,11.911017,12.600000381469728,11.222217518035672,12.685512328767125,12.326239243293903,12.4357873804971,29-510-0085-88101-1
36.141875,-115.078742,2011,8.1725,8.5,9.219379164856315,9.30014794520548,9.399620940785242,7.28163712112346,32-003-0540-88101-1
36.163962,-115.11393,2011,7.25042,7.800000190734863,9.491120156024577,9.19422191780822,8.614230384959459,7.30475558704453,32-003-0561-88101-1
35.785665,-115.357087,2011,3.739091,5.800000190734863,5.793157645086598,5.946380821917808,3.8138195346768256,3.33789,32-003-1019-88101-1
43.566122,-71.496335,2011,5.9912280000000004,6.599999904632568,6.879590304877971,7.648890410958904,6.906375758122498,7.09975539478655,33-001-2004-88101-1
42.930520999999985,-72.272332,2011,8.898305,9.100000381469728,9.277929732400567,7.921632876712329,10.070829427329627,8.39733066985646,33-005-0007-88101-1
43.629605000000005,-72.30949900000002,2011,6.636667,7.800000190734863,7.59527301992689,8.042101369863014,7.481616889111061,7.39900260580411,33-009-0010-88101-1
42.86183,-71.878626,2011,4.919658,4.400000095367432,7.35825212730274,7.346298630136986,4.5863920135751375,5.74478955583756,33-011-5001-88101-1
43.13246,-71.458246,2011,8.909402,8.899999618530273,8.079597732934767,8.481564383561643,7.969759944530661,7.52555699873897,33-013-1006-88101-1
42.862531,-71.38014000000001,2011,6.447826,7.699999809265137,9.987324465093328,8.951882191780822,6.688495229228184,6.69298952229299,33-015-0018-88101-1
39.98903599999999,-75.050008,2011,10.113333,11.399999618530272,11.327258929488764,11.103939726027397,11.035940499981972,11.1677263578275,34-007-1007-88101-1
40.725413,-74.052293,2011,10.812798,10.699999809265137,10.91313157258266,11.618457534246575,11.095366599887486,11.3712263215859,34-017-1003-88101-1
39.994907999999995,-74.17044700000001,2011,9.085886,8.600000381469727,9.676795653406424,8.827123287671233,8.653356369146797,9.13022765166341,34-029-2002-88101-1
35.60620000000001,-82.58440000000002,2011,9.201681,9.899999618530272,8.274257990351193,9.715706849315067,9.68920379743594,10.2549513348677,37-021-0034-88101-1
35.8145,-80.2627,2011,10.695868,11,10.434471143002378,10.169164383561643,9.77755327213745,10.9840916206262,37-057-0002-88101-1
36.03295500000001,-78.904037,2011,9.203419,10.5,10.050496842754349,10.02187397260274,9.454143663677142,9.6913033948718,37-063-0015-88101-1
35.93355,-77.75007,2011,9.045614,9.800000190734863,10.120816871086912,9.424797260273971,9.616312076547436,8.80732718975706,37-065-0004-88101-1
35.59095000000001,-78.4622,2011,9.219811,9.899999618530272,9.455307688231445,9.914191780821918,9.841687501127913,8.97092791969407,37-101-0002-88101-1
35.263165,-79.836636,2011,9.200847,9.800000190734863,9.737480504703887,9.4181698630137,9.05495860972665,8.3216052700831,37-123-0001-88101-1
35.64127599999998,-77.360126,2011,8.157025,10.100000381469728,9.397728062660065,9.365139726027396,9.690191830645668,8.7482997013935,37-147-0006-88101-1
46.825425,-100.76821,2011,5.663793,5.5,5.891673162377485,7.001084931506849,6.45421487972443,6.27789287774725,38-015-0003-88101-1
39.442165,-81.90882700000002,2011,8.787719,9.399999618530272,9.094262245285602,10.733087671232877,9.685502333077167,9.01003211340206,39-009-0003-88101-1
39.4938,-84.3543,2011,12.746218,13.600000381469728,11.593123119836626,12.270035616438356,12.879105056570856,13.1235232662192,39-017-0003-88101-1
39.33838999999999,-84.5666,2011,12.408621,13.100000381469728,12.05888797937324,12.30728219178082,12.368669335159789,12.7723750507099,39-017-0016-88101-1
39.92882,-83.80949,2011,12.327273,12.699999809265137,11.01360501108987,11.349950684931509,11.307216385291758,11.7472174116077,39-023-0005-88101-1
39.0828,-84.1441,2011,11.113115,12,10.330568338501037,11.403871232876712,12.063105399252107,10.5426937858149,39-025-0022-88101-1
41.55523,-81.575256,2011,10.01453,12.100000381469728,11.178949683765786,11.784553424657537,10.757297929112967,12.1036536413469,39-035-0034-88101-1
41.477011000000005,-81.68238299999999,2011,12.584503,12.699999809265137,12.358812383336238,12.340342465753425,13.128330741405144,11.6299545146727,39-035-0038-88101-1
41.471782,-81.656792,2011,11.855462,12.5,12.358812383336238,12.304687671232877,13.032395903072285,11.8608042352941,39-035-0045-88101-1
41.492117,-81.67844900000001,2011,12.5,12.5,12.358812383336238,12.264890410958904,13.468686691177115,11.0251,39-035-0060-88101-1
41.446624,-81.662356,2011,12.669565,12.5,12.358812383336238,12.366846575342466,13.217051132326109,11.862577195371,39-035-0065-88101-1
41.39628999999999,-81.818667,2011,10.409402,11.899999618530272,10.982750294392597,11.952479452054794,12.580403263206009,12.7922097701149,39-035-1002-88101-1
39.99875,-82.99343999999999,2011,11.907965,12.5,11.525680123466069,12.31353698630137,11.25854513796614,11.7581890076336,39-049-0024-88101-1
39.92845,-82.98104,2011,11.428696,12.699999809265137,11.525680123466069,12.204608219178082,11.074437115928456,11.7997494915254,39-049-0025-88101-1
40.0877,-82.959773,2011,10.955652,12.300000190734863,11.20517597324624,12.184509589041095,11.958915419863583,11.3912274844721,39-049-0081-88101-1
39.80834,-83.88705,2011,11.381034,11.399999618530272,10.779325068026989,11.419435616438356,11.945145785521389,11.5171917647059,39-057-0005-88101-1
39.27870000000001,-84.36625,2011,11.745614,13.300000190734863,11.012663019945062,12.588328767123288,12.435298511568394,12.3016279551337,39-061-0006-88101-1
39.194329999999994,-84.47897400000001,2011,13.244915,13.800000190734863,12.173731330556992,12.846339726027397,12.963396452818811,13.2037993984962,39-061-0014-88101-1
39.12886,-84.50404,2011,12.109821,13.5,11.452403321949548,12.567191780821918,11.993814683979553,12.2759475108225,39-061-0040-88101-1
39.10492,-84.55117,2011,13.356303,13.5,11.452403321949548,12.504841095890413,12.494667758737892,12.8166282790698,39-061-0042-88101-1
40.36644,-80.61558000000001,2011,12.748148,12.399999618530272,11.041037338128811,11.854279452054795,12.485438802605035,12.1403384800965,39-081-0017-88101-1
41.726811000000005,-81.242156,2011,9.448718,10.600000381469728,10.518508847000026,10.521958904109589,10.190795267909747,10.2032588256747,39-085-0007-88101-1
38.50807499999999,-82.659241,2011,10.791892,11.5,9.219305587867591,11.259145205479452,11.542360826317037,11.0828099674973,39-087-0012-88101-1
41.463071000000006,-82.114261,2011,9.473729,9.899999618530272,10.889510626947796,11.014282191780822,9.96823466363108,10.6512142770352,39-093-3002-88101-1
41.64406699999999,-83.54616,2011,10.757944,11.399999618530272,12.07807190643836,10.908558904109588,11.122008991453116,11.7931909865153,39-095-0024-88101-1
41.620569999999994,-83.64226,2011,10.746018,11.399999618530272,11.405136249023933,10.90141095890411,10.511253118948524,10.69054,39-095-0026-88101-1
41.66256700000001,-83.478333,2011,11.387826,10.600000381469728,11.938290605802615,10.800095890410958,10.83674626186939,11.7169155789474,39-095-0028-88101-1
41.111110999999994,-80.645278,2011,10.751667,10.699999809265137,10.447639939745388,11.37562191780822,10.73768661369939,10.791538996139,39-099-0005-88101-1
41.09596,-80.65847000000001,2011,11.35,11.100000381469728,10.68808233355092,11.398912328767125,10.169052046415976,11.2088586538462,39-099-0014-88101-1
41.06039999999999,-81.9239,2011,10.813393,9.199999809265137,9.927743101947446,11.537928767123288,10.890780871870357,9.97591330858086,39-103-0004-88101-1
41.1644,-81.2352,2011,10.521552,10.300000190734863,10.33685719845792,11.42557808219178,11.227253105431162,11.0567236620795,39-133-0002-88101-1
39.83562,-84.720524,2011,10.938793,11.100000381469728,10.188639406239826,11.107323287671234,11.623658034117206,10.9905924486804,39-135-1001-88101-1
38.75459899999999,-82.91701,2011,10.142017,11.600000381469728,9.567168136205478,10.737306849315068,10.569036111219186,9.47199348344371,39-145-0013-88101-1
40.786804,-81.39415300000002,2011,12.753614,11.399999618530272,11.42918375354552,12.434542465753424,12.775827730945103,12.1889367628607,39-151-0017-88101-1
40.800717,-81.373,2011,11.260526,11.399999618530272,11.042570522002675,12.409268493150686,11.621895065241144,11.6967791174153,39-151-0020-88101-1
41.087862000000015,-81.54153199999999,2011,11.093103,10.699999809265137,10.582934887289989,12.093723287671232,11.976701443741645,11.0485724840764,39-153-0023-88101-1
41.231167000000006,-80.801914,2011,10.578151,11.300000190734863,10.670166724299428,11.133983561643836,9.6858516732338,11.250856792144,39-155-0005-88101-1
39.42689,-84.20077,2011,11.09322,13,10.867955988637435,12.0171698630137,11.771232265549,11.8920802893309,39-165-0007-88101-1
34.885608,-95.78441,2011,10.643802,10.100000381469728,8.131394780730918,10.134975342465754,9.935864547675488,12.4662965719064,40-121-0415-88101-1
39.960048,-75.142614,2011,11.361739,11.5,12.474341294601286,11.352564383561644,11.368437478215627,10.5444815362932,42-101-0057-88101-1
41.807469,-71.412968,2011,8.640988,9.300000190734863,8.737025729183365,8.880983561643836,8.730186320311377,8.79355872611465,44-007-0022-88101-1
41.87466800000001,-71.379971,2011,9.955856,9.5,8.754330488124829,9.127257534246576,10.060204179606265,9.05600164179105,44-007-0026-88101-1
41.841039,-71.36097,2011,8.728161,8.399999618530273,8.754330488124829,9.05790410958904,8.214895864951133,9.20511930589185,44-007-1010-88101-1
31.768285999999993,-106.501243,2011,12.483333,10.199999809265137,7.933232283522841,11.7935698630137,11.699665025792108,12.5961361847086,48-141-0037-88101-1
32.669000999999994,-94.167468,2011,11.863934,8.5,8.527346069607342,9.833849315068491,9.73080820662678,9.72114872340426,48-203-0002-88101-1
27.804489000000004,-97.431553,2011,9.977551,9.800000190734863,7.997531796636226,8.74664109589041,10.512659167653064,9.91674190523198,48-355-0032-88101-1
32.80581,-97.356529,2011,10.673504,10.5,9.580347032564072,10.286145205479452,10.933493850000213,11.1431167777778,48-439-1002-88101-1
32.759153999999995,-97.342332,2011,10.735043,11,9.968343317616362,10.33071780821918,10.444068263874046,10.4001925545171,48-439-1006-88101-1
46.602248,-90.656141,2011,5.433333,5.099999904632568,6.671170589333255,6.790764383561644,5.7113652764899,5.63442284413498,55-003-0010-88101-1
42.69380000000001,-90.6979,2011,10.337069,8.300000190734863,8.474584854177454,10.099257534246576,9.96391281861119,10.0476385153257,55-043-0009-88101-1
43.4981,-87.81,2011,9.180702,7.800000190734863,8.672768864855271,9.628167123287673,8.966891599861944,9.44129216216216,55-089-0009-88101-1
46.0519,-89.654,2011,6.255556,5.099999904632568,6.6370077897421504,7.001709589041096,5.432739398466959,6.42056828358209,55-125-0001-88101-1
42.842168,-108.736281,2011,8.01875,5.699999809265137,6.34401265432015,6.532254794520548,7.434239220659385,6.62185160204082,56-013-1003-88101-1
41.136846000000006,-104.818239,2011,4.386239,5.099999904632568,5.34588542049475,5.590819178082191,4.503550481695394,4.45762747869318,56-021-0001-88101-1
44.524568,-109.06926,2011,4.413445,6.5,6.505426871259644,5.587783561643835,5.205739534797784,4.77567816346154,56-029-0001-88101-1
41.592536,-109.220852,2011,5.110619,5.199999809265137,7.490311627123523,6.36813698630137,4.813245747215683,5.44160927284427,56-037-0007-88101-1
43.45776000000001,-110.79799,2011,4.559459,6.199999809265137,6.718102013728634,5.633739726027398,3.251097750140684,4.04192355408389,56-039-1006-88101-1
